DBN,SCHOOL NAME,PSAL Program Code,PSAL Program Name,
06M540,A. Philip Randolph Campus High School,06577,A. Philip Randolph Campus High School,
21K410,Abraham Lincoln High School,21501,Abraham Lincoln High School,
21K411,Abraham Lincoln Yabc,21501,Abraham Lincoln High School,
30Q301,Academy for Careers in Television and Film,30511,Academy for Careers In Television and Film,
09X365,Academy for Language and Technology,09365,Academy for Language and Technology,
05M367,Academy for Social Action,05367,Academy for Social Action,
05M369,Urban Assembly School for the Performing Arts,05367,Academy for Social Action,
30Q575,Academy of American Studies,30470,Academy of American Studies,
84K356,Achievement First Crown Heights Charter School,17669,Achievement First Brooklyn High School,
84K358,Achievement First East New York Charter School,17669,Achievement First Brooklyn High School,
84K508,Achievement First Endeavor Charter School,17669,Achievement First Brooklyn High School,
84K538,Achievement First Bushwick Charter School,17669,Achievement First Brooklyn High School,
13K483,The Urban Assembly School for Law and Justice,13483,Adams Street Academy,
13K527,Urban Assembly Institute of Math and Science for Y,13483,Adams Street Academy,
08X312,Millennium Art Academy,08527,Adlai Stevenson Campus,
08X376,Antonia Pantoja Preparatory Academy: A College Boa,08527,Adlai Stevenson Campus,
08X377,Bronx Community High School,08527,Adlai Stevenson Campus,
08X452,Gotham Collaborative High School,08527,Adlai Stevenson Campus,
08X507,Stevenson Yabc,08527,Adlai Stevenson Campus,
08X519,Felisa Rincon de Gautier Institute for Law and Pub,08527,Adlai Stevenson Campus,
08X561,Bronx Compass High School,08527,Adlai Stevenson Campus,
11X270,Academy for Scholarship and Entrepreneurship: A Co,11514,Albert Tuitt Educational Campus,
11X513,New World High School,11514,Albert Tuitt Educational Campus,
11X514,The Bronxwood Preparatory Academy,11514,Albert Tuitt Educational Campus,
07X381,Bronx Haven High School,07519,Alfred E. Smith Campus,
07X456,Alfred E. Smith Campus YABC,07519,Alfred E. Smith Campus,
07X522,Bronx Design and Construction Academy,07519,Alfred E. Smith Campus,
07X600,Alfred E. Smith Career and Technical Education Hig,07519,Alfred E. Smith Campus,
32K554,All City Leadership Secondary School,32572,All City Leadership Secondary School,
02M047,47 The American Sign Language and English Secondar,02047,American Sign Language and English,
08X282,Women's Academy of Excellence,08367,Archimedes/Maleska Campus,
08X367,"Archimedes Academy for Math, Science and Technolog",08367,Archimedes/Maleska Campus,
02M570,Satellite Academy High School,02461,Arturo A. Schomburg Satellite Academy Bronx,
12X446,Arturo A. Schomburg Satellite Academy Bronx,02461,Arturo A. Schomburg Satellite Academy Bronx,
23K646,Aspirations Diploma Plus High School,23646,Aspirations Diploma Plus High School,
84K395,New Visions A.I.M. Charter High School I,23646,Aspirations Diploma Plus High School,
27Q400,August Martin High School,27540,August Martin High School,
84Q320,New Visions Charter High School for Advanced Math,27540,August Martin High School,
14K610,Automotive High School,14547,Automotive High School,
14K923,Automotive High School Yabc,14547,Automotive High School,
24Q610,Aviation Career & Technical Education High School,24535,Aviation Career & Technical Education High School,
13K412,Brooklyn Community Arts & Media High School (BCAM),14546,BCAM H. S.,
13K616,Brooklyn High School for Leadership and Community,14546,BCAM H. S.,
30Q580,Baccalaureate School for Global Education,30540,Baccalaureate School For Global Education,
01M696,Bard High School Early College,01569,Bard High School Early College,
02M411,Baruch College Campus High School,02875,Baruch College Campus High School,
09X241,Urban Assembly School for Applied Math and Science,09263,Bathgate Educational Complex,
09X252,Mott Hall Bronx High School,09263,Bathgate Educational Complex,
09X263,Validus Preparatory Academy,09263,Bathgate Educational Complex,
02M313,"James Baldwin School, The: A School for Expedition",02582,Bayard Rustin Educational Complex,
02M392,MANHATTAN BUSINESS ACADEMY,02582,Bayard Rustin Educational Complex,
02M419,Landmark High School,02582,Bayard Rustin Educational Complex,
02M422,Quest to Learn,02582,Bayard Rustin Educational Complex,
02M437,Hudson High School of Learning Technologies,02582,Bayard Rustin Educational Complex,
02M605,Humanities Preparatory Academy,02582,Bayard Rustin Educational Complex,
26Q495,Bayside High School,26503,Bayside High School,
27Q262,Channel View School for Research,27501,Beach Channel Educational Campus,
27Q324,Rockaway Park High School for Environmental Sustai,27501,Beach Channel Educational Campus,
27Q351,Rockaway Collegiate High School,27501,Beach Channel Educational Campus,
75Q256,P.S. Q256,27501,Beach Channel Educational Campus,
84Q373,New Visions Charter High School for the Humanities,27501,Beach Channel Educational Campus,
03M479,Beacon High School,03300,Beacon High School,
13K595,Bedford Academy High School,13595,Bedford Academy High School,
13K670,Benjamin Banneker Academy,13350,Benjamin Banneker Academy,
14K614,Young Women's Leadership School of Brooklyn,13350,Benjamin Banneker Academy,
26Q415,Benjamin N. Cardozo High School,26505,Benjamin N. Cardozo High School,
15K429,Digital Arts and Cinema Technology High School,15567,Boerum Hill School & Digital Tech,
15K497,The Boerum Hill School for International Studies,15567,Boerum Hill School & Digital Tech,
13K499,ACORN Community High School,16502,Boys and Girls High School,
16K455,Boys and Girls High School,16502,Boys and Girls High School,
16K594,Gotham Professional Arts Academy,16502,Boys and Girls High School,
16K765,Nelson Mandela High School,16502,Boys and Girls High School,
16K959,BOYS AND GIRLS YABC,16502,Boys and Girls High School,
08X432,Bronx Bridges High School,08570,Bronx Bridges High School,
09X324,Bronx Early College Academy for Teaching & Learnin,09324,Bronx Early College AcademyTeaching & Learning,
10X445,The Bronx High School of Science,10501,Bronx HS Of Science,
09X525,Bronx Leadership Academy High School,09490,Bronx Leadership Academy,
84X703,Bronx Preparatory Charter School,09818,Bronx Preparatory Charter School,
12X480,Bronx Regional High School,09500,Bronx Regional,
09X505,"Bronx School for Law, Government and Justice",07402,"Bronx School/Law, Govt & Justice",
08X269,Bronx Studio School for Writers and Artists,08269,Bronx Studio School for Writers and Artists,
07X551,The Urban Assembly Bronx Academy of Letters,07551,Bronx United,
12X271,East Bronx Academy for the Future,07551,Bronx United,
84M382,DREAM Charter School,07551,Bronx United,
16K688,The Brooklyn Academy of Global Finance,16688,Brooklyn Academy of Global Finance,
18K578,Brooklyn Bridge Academy,18578,Brooklyn Bridge Academy,
22K555,Brooklyn College Academy,22480,Brooklyn College Academy,
17K489,W.E.B. Dubois Academic High School,23520,Brooklyn Collegiate HS,
23K493,Brooklyn Collegiate: A College Board School,23520,Brooklyn Collegiate HS,
15K423,Brooklyn Frontiers High School,15423,Brooklyn Frontiers High School,
16K498,Brooklyn High School for Law and Technology,15568,Brooklyn High School for Law and Technology,
13K350,Urban Assembly School for Music and Art,13566,Brooklyn International,
13K439,Brooklyn International High School,13566,Brooklyn International,
84K707,Brooklyn Prospect Charter School,15687,Brooklyn Prospect Charter School,
15K448,Brooklyn Secondary School for Collaborative Studie,15650,Brooklyn School For Collaborative Studies,
21K690,Brooklyn Studio Secondary School,21690,Brooklyn Studio Secondary School,
13K430,Brooklyn Technical High School,13507,Brooklyn Technical,
17K568,Brownsville Academy High School,17568,Brownsville Academy High School,
32K168,The Brooklyn School for Math and Research,32509,Bushwick Campus,
32K403,Academy for Environmental Leadership,32509,Bushwick Campus,
32K549,The Brooklyn School for Social Justice,32509,Bushwick Campus,
32K552,The Academy of Urban Planning and Engineering,32509,Bushwick Campus,
32K564,Bushwick Community High School,32564,Bushwick Community High School,
31R047,CSI High School for International Studies,31545,CSIHS/McCown,
31R064,Gaynor McCown Expeditionary Learning School,31545,CSIHS/McCown,
29Q326,Cambria Heights Academy,29326,Cambria Heights Academy,
29Q243,Institute for Health Professions at Cambria Height,29408,Campus Magnet,
29Q313,Benjamin Franklin High School for Finance & Inform,29408,Campus Magnet,
29Q492,"Mathematics, Science Research and Technology Magne",29408,Campus Magnet,
29Q498,Humanities & Arts Magnet High School,29408,Campus Magnet,
18K617,High School for Innovation in Advertising and Medi,18511,Canarsie Educational Campus,
18K633,High School for Medical Professions,18511,Canarsie Educational Campus,
18K635,Olympus Academy,18511,Canarsie Educational Campus,
18K642,Urban Action Academy,18511,Canarsie Educational Campus,
01M458,Forsyth Satellite Academy,01561,Cascades Center,
01M650,Cascades High School,01561,Cascades Center,
02M376,NYC iSchool,02565,Chelsea Career and Technical Education,
02M615,Chelsea Career and Technical Education High School,02565,Chelsea Career and Technical Education,
11X288,Collegiate Institute for Math and Science,11503,Christopher Columbus Campus,
11X299,Astor Collegiate Academy,11503,Christopher Columbus Campus,
11X417,C Columbus Hs Yabc,11503,Christopher Columbus Campus,
11X418,Bronx High School for the Visual Arts,11503,Christopher Columbus Campus,
11X508,Bronxdale High School,11503,Christopher Columbus Campus,
11X509,High School of Language and Innovation,11503,Christopher Columbus Campus,
11X542,Pelham Preparatory Academy,11503,Christopher Columbus Campus,
06M293,City College Academy of the Arts,06293,City College Academy of the Arts,
24Q293,Civic Leadership Academy,24293,Civic Leadership Academy,
17K600,Clara Barton High School,17549,Clara Barton,
09X564,Claremont International HS,09564,Claremont International High School,
15K519,Cobble Hill School of American Studies,15569,Cobble Hill School of American Studies,
05M362,Columbia Secondary School,05362,Columbia Secondary School,
06M346,Community Health Academy of the Heights,06346,Community Health Academy of the Heights,
09X327,Comprehensive Model School Project M.S. 327,09327,Comprehensive Model School Project X327,
31R028,The Eagle Academy for Young Men of Staten Island,31501,Curtis,
31R450,Curtis High School,31501,Curtis,
84M065,Democracy Prep Endurance Charter School,05653,Democracy Prep Charter High School,
84M350,Democracy Prep Charter School,05653,Democracy Prep Charter High School,
84M481,Democracy Prep Harlem Charter School,05653,Democracy Prep Charter High School,
84M708,Harlem Prep Charter School,05653,Democracy Prep Charter High School,
10X351,Bronx Collaborative High School,10505,Dewitt Clinton,
10X353,World View High School,10505,Dewitt Clinton,
10X440,DeWitt Clinton High School,10505,Dewitt Clinton,
10X668,Dewitt Clinton Campus YABC,10505,Dewitt Clinton,
13K265,Dr. Susan S. McKinney Secondary School of the Arts,13866,Dr. Susan S. Mckinney School of Art,
32K545,EBC High School for Public Service - Bushwick,32300,EBC/Bushwick Leaders,
32K556,Bushwick Leaders High School for Academic Excellen,32300,EBC/Bushwick Leaders,
09X231,Eagle Academy for Young Men,09458,Eagle Academy For Young Men,
23K644,Eagle Academy for Young Men II,23644,Eagle Academy For Young Men II,
29Q327,Eagle Academy for Young Men III,29569,Eagle Academy for Young Men III,
18K673,East Brooklyn Community High School,18673,East Brooklyn Community High School,
03M860,Frederick Douglass Academy II Secondary School,04565,East Harlem Pride,
04M409,Coalition School for Social Change,04565,East Harlem Pride,
04M495,Park East High School,04565,East Harlem Pride,
04M555,Central Park East High School,04565,East Harlem Pride,
04M610,Young Women's Leadership School,04565,East Harlem Pride,
04M680,"Heritage School, The",04565,East Harlem Pride,
19K409,East New York Family Academy,19471,East New York Family Academy,
01M450,East Side Community School,01420,East Side Community,
25Q281,East-West School of International Studies,25281,East-West School  of International Studies,
03M505,Edward A. Reynolds West Side High School,03520,Edward A Reynolds West Side,
21K525,Edward R. Murrow High School,21565,Edward R. Murrow High School,
02M416,Eleanor Roosevelt High School,02563,Eleanor Roosevelt High School,
30Q258,Energy Tech High School,30258,Energy Tech High School,
27Q314,Epic High School - South,27314,Epic High School South,
17K382,Academy for College Preparation and Career Explora,17450,Erasmus Hall Campus,
17K408,Academy of Hospitality and Tourism,17450,Erasmus Hall Campus,
17K467,Erasmus Yabc,17450,Erasmus Hall Campus,
17K537,High School for Youth and Community Development at,17450,Erasmus Hall Campus,
17K539,High School for Service & Learning at Erasmus,17450,Erasmus Hall Campus,
17K543,"Science, Technology and Research Early College Hig",17450,Erasmus Hall Campus,
04M372,Esperanza Preparatory Academy,04373,Esperanza Preparatory Academy,
11X253,Bronx High School for Writing and Communication Ar,11507,Evander Childs Campus,
11X265,Bronx Lab School,11507,Evander Childs Campus,
11X275,High School of Computers and Technology,11507,Evander Childs Campus,
11X290,Bronx Academy of Health Careers,11507,Evander Childs Campus,
11X544,High School for Contemporary Arts,11507,Evander Childs Campus,
11X545,Bronx Aerospace High School,11507,Evander Childs Campus,
12X251,Explorations Academy H.S.,12251,Explorations Academy,
12X511,Bronx Envision Academy,12251,Explorations Academy,
12X682,Fannie Lou Hamer Freedom High School,12540,Fannie Lou Hamer,
27Q260,Frederick Douglass Academy VI High School,27507,Far Rockaway Educational Campus,
27Q302,"Queens High School for Information, Research, and",27507,Far Rockaway Educational Campus,
27Q309,Academy of Medical Technology: A College Board Sch,27507,Far Rockaway Educational Campus,
03M485,Fiorello H. LaGuardia High School of Music & Art a,03511,Fiorello H Laguardia,
25Q240,Veritas Academy,25509,Flushing Campus,
25Q241,Queens High School for Language Studies,25509,Flushing Campus,
25Q460,Flushing High School,25509,Flushing Campus,
25Q467,Flushing Yabc,25509,Flushing Campus,
25Q263,Flushing International High School,25511,Flushing International High School,
28Q440,Forest Hills High School,28511,Forest Hills,
20K490,Fort Hamilton High School,20517,Fort Hamilton,
25Q285,World Journalism Preparatory: A College Board Scho,26513,Francis Lewis,
26Q430,Francis Lewis High School,26513,Francis Lewis,
22K611,Origins High School,22541,Frank J. Macchiarola Educational Complex,
22K630,Professional Pathways High School,22541,Frank J. Macchiarola Educational Complex,
84K738,New Visions Charter High School for Advanced Math,22541,Frank J. Macchiarola Educational Complex,
84K739,New Visions Charter High School for the Humanities,22541,Frank J. Macchiarola Educational Complex,
30Q501,Frank Sinatra School of the Arts High School,30539,Frank Sinatra School of the Arts,
20K505,Franklin Delano Roosevelt High School,20519,Franklin D. Roosevelt,
20K658,Franklin Delano Roosevelt YABC,20519,Franklin D. Roosevelt,
19K501,Franklin K. Lane Campus YABC,27521,Franklin K. Lane Campus,
19K583,Multicultural High School,27521,Franklin K. Lane Campus,
19K618,Academy of Innovative Technology,27521,Franklin K. Lane Campus,
19K639,Brooklyn Lab School,27521,Franklin K. Lane Campus,
19K659,Cypress Hills Collegiate Preparatory School,27521,Franklin K. Lane Campus,
19K764,The Urban Assembly School for Collaborative Health,27521,Franklin K. Lane Campus,
05M499,Frederick Douglass Academy,05499,Frederick Douglass Academy,
09X517,Frederick Douglass Academy III Secondary School,09471,Frederick Douglass Academy III,
14K449,"Brooklyn Latin School, The",14449,Gaynor Campus,
14K454,The Williamsburg High School of Art and Technology,14449,Gaynor Campus,
14K586,Lyons Community School,14449,Gaynor Campus,
06M457,George Washington Yabc,06507,George Washington,
06M462,The College Academy,06507,George Washington,
06M463,High School for Media and Communications,06507,George Washington,
06M467,High School for Law and Public Service,06507,George Washington,
06M468,High School for Health Careers and Sciences,06507,George Washington,
13K605,George Westinghouse Career and Technical Education,13555,George Westinghouse,
13K657,Downtown Brooklyn Yabc,13555,George Westinghouse,
13K674,"City Polytechnic High School of Engineering, Archi",13555,George Westinghouse,
75K369,P.S. K369 - Coy L. Cox School,13555,George Westinghouse,
10X264,Bronx Academy for Software Engineering (BASE),10521,Grace Dodge,
10X524,Crotona International High School,10521,Grace Dodge,
10X565,High School for Energy and Technology,10521,Grace Dodge,
14K474,PROGRESS High School for Professional Careers,14550,Grand Street Campus,
14K477,East Williamsburg Scholars Academy,14550,Grand Street Campus,
14K478,"The High School for Enterprise, Business and Techn",14550,Grand Street Campus,
02M139,Stephen T. Mather Building Arts & Craftsmanship Hi,02541,Graphics Campus,
02M393,Business Of Sports School,02541,Graphics Campus,
02M408,Professional Performing Arts High School,02541,Graphics Campus,
02M507,Urban Assembly Gateway School for Technology,02541,Graphics Campus,
02M531,Repertory Company High School for Theatre Arts,02541,Graphics Campus,
06M552,Gregorio Luperon High School for Science and Mathe,06427,Gregorio Luperon HS for Science and Math,
24Q485,Grover Cleveland High School,24515,Grover Cleveland,
02M489,High School of Economics and Finance,02350,HS Economics & Finance,
02M400,High School for Environmental Studies,02538,HS Environmental Studies,
02M600,The High School of Fashion Industries,02533,HS Fashion Industries,
24Q457,H.S. Arts & Business Yabc,24750,HS For Arts & Business,
24Q550,High School for Arts and Business,24750,HS For Arts & Business,
27Q650,"High School for Construction Trades, Engineering a",27651,HS For Construction,
02M425,Leadership and Public Service High School,02370,HS For Leadership & Public Service,
05M692,"High School for Mathematics, Science and Engineeri",05692,"HS For Math, Science and Engineering @ CCNY",
02M420,High School for Health Professions and Human Servi,02380,HS Health Profession/Human Services,
10X696,High School of American Studies at Lehman College,10541,HS Of American Studies @ Lehman College,
20K485,High School of Telecommunication Arts and Technolo,20500,HS Telecommunication Arts & Technology,
28Q690,High School for Law Enforcement and Public Safety,28690,HS for Law Enforcement & Public Safety,
02M630,Art and Design High School,02531,HS of Art & Design,
10X368,In-Tech Academy (M.S. / High School 368),10368,HS of Info & Network Technology,
84M335,Harlem Village Academy Leadership Charter School,05709,Harlem Village Academy,
84M709,Harlem Village Academy Charter School,05709,Harlem Village Academy,
11X249,Bronx Health Sciences High School,11505,Harry S. Truman,
11X455,Harry S Truman High School,11505,Harry S. Truman,
14K488,Brooklyn Preparatory High School,14553,Harry Van Arsdale Educational Campus,
14K558,Williamsburg High School for Architecture and Desi,14553,Harry Van Arsdale Educational Campus,
14K561,Williamsburg Preparatory School,14553,Harry Van Arsdale Educational Campus,
07X427,Community School for Social Justice,07498,Health Opportunities Social Justice HS,
07X670,Health Opportunities High School,07498,Health Opportunities Social Justice HS,
28Q505,Hillcrest High School,28522,Hillcrest,
08X332,Holcombe L. Rucker School of Community Research,08332,Holcombe L. Rucker Campus,
08X530,Longwood Preparatory Academy,08332,Holcombe L. Rucker Campus,
07X500,Hostos-Lincoln Academy of Science,07401,Hostos Lincoln Academy,
84X393,University Prep Charter High School,07401,Hostos Lincoln Academy,
N/A,Hunter College High School,02816,Hunter College High School,
84X345,Hyde Leadership Charter School,08345,Hyde Leadership Charter School,
30Q502,Information Technology High School,30502,Information Technology HS,
02M407,Institute for Collaborative Education,02378,Institute For Collaborative Education,
07X334,International Community High School,07334,International Community High School,
84M478,Inwood Academy for Leadership Charter School,06558,Inwood Academy for Leadership Charter School,
06M211,Inwood Early College for Health and Information Te,06423,Inwood Community Campus,
06M423,High School for Excellence and Innovation,06423,Inwood Community Campus,
02M529,Jacqueline Kennedy Onassis High School,02545,Jacqueline K. Onassis Inter Careers,
28Q310,Queens Collegiate: A College Board School,28517,Jamaica,
28Q325,Hillside Arts & Letters Academy,28517,Jamaica,
28Q328,High School for Community Leadership,28517,Jamaica,
28Q350,Jamaica Gateway to the Sciences,28517,Jamaica,
22K425,James Madison High School,22527,James Madison,
12X388,Pan American International High School at Monroe,12490,James Monroe Campus,
12X428,Learning To Work Yabc At Monroe Academy,12490,James Monroe Campus,
12X521,The Metropolitan Soundview High School,12490,James Monroe Campus,
12X550,High School of World Cultures,12490,James Monroe Campus,
08X559,School for Tourism and Hospitality,08523,Jane Addams Campus,
84X202,New Visions Charter High School for Advanced Math,08523,Jane Addams Campus,
27Q480,John Adams High School,27519,John Adams,
27Q487,John Adams Yabc,27519,John Adams,
25Q425,John Bowne High School,25521,John Bowne,
21K540,John Dewey High School,21506,John Dewey High School,
10X213,Bronx Engineering and Technology Academy,10526,John F. Kennedy Campus,
10X284,Bronx School of Law and Finance,10526,John F. Kennedy Campus,
10X397,English Language Learners and International Suppor,10526,John F. Kennedy Campus,
10X477,Marble Hill High School for International Studies,10526,John F. Kennedy Campus,
10X504,Kennedy Yabc,10526,John F. Kennedy Campus,
10X546,Bronx Theatre High School,10526,John F. Kennedy Campus,
84X539,New Visions Charter High School for Advanced Math,10526,John F. Kennedy Campus,
84X553,New Visions Charter High School for the Humanities,10526,John F. Kennedy Campus,
15K462,John Jay School for Law,15498,John Jay Campus,
15K463,Secondary School for Journalism,15498,John Jay Campus,
15K464,Park Slope Collegiate,15498,John Jay Campus,
15K656,Brooklyn High School of the Arts,15498,John Jay Campus,
14K071,Juan Morel Campos Secondary School,14071,Juan Morel Campos Secondary School,
75K141,P.S. K141,14071,Juan Morel Campos Secondary School,
02M449,Vanguard High School,02513,Julia Richman Education Complex,
02M459,Manhattan International High School,02513,Julia Richman Education Complex,
02M519,Talent Unlimited High School,02513,Julia Richman Education Complex,
02M565,Urban Academy Laboratory High School,02513,Julia Richman Education Complex,
84K357,KIPP AMP Charter School,05858,KIPP NYC College Prep,
84M068,KIPP Washington Heights Middle School,05858,KIPP NYC College Prep,
84M336,KIPP Infinity Charter School,05858,KIPP NYC College Prep,
84M726,KIPP STAR College Prep Charter School,05858,KIPP NYC College Prep,
84X704,KIPP Academy Charter School,05858,KIPP NYC College Prep,
02M412,N.Y.C. Lab School for Collaborative Studies,02465,Lab Museum United,
02M414,N.Y.C. Museum School,02465,Lab Museum United,
21K337,International High School at Lafayette,21531,Lafayette Educational Complex,
21K348,High School of Sports Management,21531,Lafayette Educational Complex,
21K468,Kingsborough Early College School,21531,Lafayette Educational Complex,
21K559,Life Academy High School for Film and Music,21531,Lafayette Educational Complex,
21K572,Expeditionary Learning School for Community Leader,21531,Lafayette Educational Complex,
08X293,Renaissance High School for Musical Theater & Tech,08524,Lehman Campus,
08X320,Pelham Lab High School,08524,Lehman Campus,
08X348,Schuylerville Preparatory High School,08524,Lehman Campus,
08X349,Bronx River High School,08524,Lehman Campus,
08X405,Herbert H. Lehman High School,08524,Lehman Campus,
08X408,Herbert H. Lehman Yabc,08524,Lehman Campus,
08X558,Westchester Square Academy,08524,Lehman Campus,
22K535,Leon M. Goldstein High School for the Sciences,22350,Leon M Goldstein  HS for Science,
21K728,Liberation Diploma Plus,21728,Liberation Diploma Plus HS,
02M550,Liberty High School Academy for Newcomers,02507,Liberty High School Academy for Newcomers,
02M655,Life Sciences Secondary School,02647,Life Sciences Secondary,
30Q450,Long Island City High School,30523,Long Island City,
03M402,The Urban Assembly School for Green Careers,03515,Louis Brandeis,
03M403,The Global Learning Collaborative,03515,Louis Brandeis,
03M404,Innovation Diploma Plus,03515,Louis Brandeis,
03M417,Frank Mccourt High School,03515,Louis Brandeis,
01M515,Lower East Side Preparatory High School,01854,Lower East Side Prep,
04M435,Manhattan Center for Science and Mathematics,04504,Manhattan Center for Science & Math,
02M575,Manhattan Comprehensive Night and Day High School,02555,Manhattan Comprehensive High School,
75M035,P.S. 035,02605,Manhattan High School,
02M439,Manhattan Village Academy,02358,Manhattan Village Academy,
13K553,Brooklyn Academy High School,13502,Marcy Avenue Campus,
13K575,Bedford Stuyvesant Preparatory High School,13502,Marcy Avenue Campus,
10X237,"The Marie Curie School for Medicine, Nursing, and",10547,"Marie Curie School for Med., Nurs., Health Prof.",
01M509,Marta Valle High School,01513,Marta Valle H. S.,
03M299,The Maxine Greene HS for Imaginative Inquiry,03548,Martin L. King Jr,
03M307,"Urban Assembly School for Media Studies, The",03548,Martin L. King Jr,
03M492,"High School for Law, Advocacy and Community Justic",03548,Martin L. King Jr,
03M494,High School of Arts and Technology,03548,Martin L. King Jr,
03M541,Manhattan / Hunter Science High School,03548,Martin L. King Jr,
03M859,Special Music School,03548,Martin L. King Jr,
26Q315,Business Technology Early College High School,26525,Martin Van Buren,
26Q435,Martin Van Buren High School,26525,Martin Van Buren,
24Q585,Maspeth High School,28585,Maspeth High School,
31R600,Ralph R. McKee Career and Technical Education High,31511,McKee/Staten Island Tech,
31R605,Staten Island Technical High School,31511,McKee/Staten Island Tech,
17K590,Medgar Evers College Preparatory School,17430,Medgar Evers College Preparatory School,
23K643,Brooklyn Democracy Academy,23643,Metro/BDA @ Thelma J Hamilton Campus,
23K647,Metropolitan Diploma Plus High School,23643,Metro/BDA @ Thelma J Hamilton Campus,
28Q167,Metropolitan Expeditionary Learning School,28686,Metropolitan Campus,
28Q686,Queens Metropolitan High School,28686,Metropolitan Campus,
75Q233,P.S. Q233,28686,Metropolitan Campus,
22K405,Midwood High School,22533,Midwood,
02M418,Millennium High School,02589,Millennium HS,
15K684,Millennium Brooklyn HS,02589,Millennium HS,
09X297,Morris Academy for Collaborative Studies,09511,Morris Educational Campus,
09X403,Bronx International High School,09511,Morris Educational Campus,
09X404,School for Excellence,09511,Morris Educational Campus,
09X543,High School for Violin and Dance,09511,Morris Educational Campus,
09X250,Eximius College Preparatory Academy: A College Boa,09260,Morrisania Educational Campus,
09X260,Bronx Center for Science and Mathematics,09260,Morrisania Educational Campus,
07X557,Mott Haven Community High School,07557,Mott Haven Community High School,
07X527,Bronx Leadership Academy II High School,07548,Mott Haven Educational Campus,
07X547,New Explorers High School,07548,Mott Haven Educational Campus,
07X548,Careers in Sports High School,07548,Mott Haven Educational Campus,
75X188,P.S. X188,07548,Mott Haven Educational Campus,
02M135,The Urban Assembly School for Emergency Management,02546,Murry Bergtraum,
02M280,Manhattan Early College School for Advertising,02546,Murry Bergtraum,
02M282,Urban Assembly Maker Academy,02546,Murry Bergtraum,
02M520,Murry Bergtraum High School for Business Careers,02546,Murry Bergtraum,
01M539,"New Explorations into Science, Technology and Math",01538,NEST+M,
84K486,New Dawn Charter High School,15486,New Dawn Charter High School,
31R440,New Dorp High School,31503,New Dorp,
20K445,New Utrecht High School,20535,New Utrecht,
30Q555,Newcomers High School,30500,Newcomers,
24Q236,International High School for Health Sciences,24527,Newtown,
24Q296,Pan American International High School,24527,Newtown,
24Q455,Newtown High School,24527,Newtown,
02M427,MANHATTAN ACADEMY FOR ARTS & LANGUAGE,02523,Norman Thomas,
02M432,Murray Hill Academy,02523,Norman Thomas,
02M500,Unity Center for Urban Technologies,02523,Norman Thomas,
84M351,Success Academy Charter School - Harlem 1,02523,Norman Thomas,
75R025,South Richmond High School I.S./P.S. 25,31025,P25R South Richmond High School,
02M298,Pace High School,02652,Pace HS,
02M394,Emma Lazarus High School,02652,Pace HS,
29Q259,Pathways College Preparatory School: A College Boa,29259,Pathways College Prep,
17K122,Pathways in Technology Early College High School (,17546,Paul Robeson Campus High School,
17K751,Academy for Health Careers,17546,Paul Robeson Campus High School,
05M148,Eagle Academy for Young Men of Harlem,05460,Percy E Sutton Educational Campus,
05M304,Mott Hall High School,05460,Percy E Sutton Educational Campus,
31R080,The Michael J. Petrides School,31470,Petrides,
31R445,Port Richmond High School,31505,Port Richmond,
84R067,John W. Lavelle Preparatory Charter School,31505,Port Richmond,
17K524,International High School at Prospect Heights,17537,Prospect Heights Campus,
17K528,The High School for Global Citizenship,17537,Prospect Heights Campus,
17K547,Brooklyn Academy of Science and the Environment,17537,Prospect Heights Campus,
17K548,Brooklyn School for Music & Theatre,17537,Prospect Heights Campus,
25Q540,Queens Academy High School,28600,Queens Academy High School,
75Q504,Home Instruction - Queen,28600,Queens Academy High School,
75Q752,Queens Transition Center,28600,Queens Academy High School,
28Q680,Queens Gateway to Health Sciences Secondary School,28680,Queens Gateway to Health Sciences,
28Q687,Queens High School for the Sciences at York Colleg,28687,Queens HS For Science @ York College,
26Q566,"Queens High School of Teaching, Liberal Arts and t",26515,Queens HS of Teaching,
24Q264,Academy of Finance and Enterprise,24552,Queens High School Complex,
24Q267,High School of Applied Communication,24552,Queens High School Complex,
24Q299,Bard High School Early College Queens,24552,Queens High School Complex,
28Q338,Queens Satellite High School for Opportunity,28523,Queens Satellite High School For Opportunity,
25Q252,"Queens School of Inquiry, The",25252,Queens School Of Inquiry,
24Q600,Queens Vocational and Technical High School,24539,Queens Vocational  Tec.,
84Q705,Renaissance Charter School,30885,Renaissance,
16K669,Research and Service High School,16670,Research and Service HS,
02M580,Richard R. Green High School of Teaching,02524,Richard Green Hs of Teaching,
27Q475,Richmond Hill High School,27529,Richmond Hill,
10X141,Riverdale / Kingsbridge Academy (Middle School / H,10141,Riverdale/Kingsbridge Academy,
25Q670,Robert F. Kennedy Community High School,25300,Robert F. Kennedy,
24Q520,Middle College High School at LaGuardia Community,30301,Robert F. Wagner Jr,
24Q530,International High School at LaGuardia Community C,30301,Robert F. Wagner Jr,
24Q560,"Robert F. Wagner, Jr. Secondary School for Arts an",30301,Robert F. Wagner Jr,
27Q308,Robert H. Goddard High School of Communication Art,27308,Robert H Goddard HS of Commun Arts and Tech,
10X243,West Bronx Academy for the Future,10513,Roosevelt Educational Campus,
10X374,Knowledge and Power Preparatory Academy Internatio,10513,Roosevelt Educational Campus,
10X434,Belmont Preparatory High School,10513,Roosevelt Educational Campus,
10X437,Fordham High School for the Arts,10513,Roosevelt Educational Campus,
10X438,Fordham Leadership Academy,10513,Roosevelt Educational Campus,
10X439,Bronx High School for Law and Community Service,10513,Roosevelt Educational Campus,
07X259,"H.E.R.O. High (Health, Education, and Research Occ",07525,Samuel Gompers,
84X208,New Visions Charter High School for the Humanities,07525,Samuel Gompers,
02M413,School of the Future High School,02436,School Of The Future,
13K419,"Science Skills Center High School for Science, Tec",13300,Science Skills Center,
02M294,Essex Street Academy,02517,Seward Park Campus,
02M305,"Urban Assembly Academy of Government and Law, The",02517,Seward Park Campus,
02M308,Lower Manhattan Arts Academy,02517,Seward Park Campus,
02M543,New Design High School,02517,Seward Park Campus,
02M545,High School for Dual Language and Asian Studies,02517,Seward Park Campus,
07X473,Mott Haven Village Preparatory High School,07500,South Bronx,
07X495,University Heights Secondary School,07500,South Bronx,
07X221,South Bronx Preparatory: A College Board School,07221,South Bronx Preparatory,
07X223,The Laboratory School of Finance and Technology: X,07221,South Bronx Preparatory,
15K529,West Brooklyn Community High School,15563,South Brooklyn Community High School,
15K698,South Brooklyn Community High School,15563,South Brooklyn Community High School,
18K566,Brooklyn Generation School,18563,South Shore HS,
18K567,Brooklyn Theatre Arts High School,18563,South Shore HS,
18K576,Victory Collegiate High School,18563,South Shore HS,
18K637,Academy for Conservation and the Environment,18563,South Shore HS,
18K922,South Shore Educational Complex Yabc,18563,South Shore HS,
19K404,Academy for Young Writers,19404,Spring Creek Campus,
19K422,Spring Creek Community School,19404,Spring Creek Campus,
29Q248,Queens Preparatory Academy,29531,Springfield Gardens,
29Q265,Excelsior Preparatory High School,29531,Springfield Gardens,
29Q272,George Washington Carver High School for the Scien,29531,Springfield Gardens,
29Q283,Preparatory Academy for Writers: A College Board S,29531,Springfield Gardens,
02M475,Stuyvesant High School,02519,Stuyvesant High School,
84K730,Summit Academy Charter School,15681,Summit Academy Charter School,
15K667,Sunset Park High School,15667,Sunset Park High School,
75K371,P.S. 371 - Lillian L. Rashkis,15667,Sunset Park High School,
31R460,Susan E. Wagner High School,31507,Susan Wagner,
09X227,Bronx Collegiate Academy,09517,Taft Educational Campus,
09X329,DreamYard Preparatory School,09517,Taft Educational Campus,
09X350,New Directions Secondary School,09517,Taft Educational Campus,
09X412,Bronx High School of Business,09517,Taft Educational Campus,
09X413,Bronx High School for Medical Science,09517,Taft Educational Campus,
23K514,Frederick Douglass Academy VII High School,17559,Teachers Preparatory HS/FDA VII,
23K697,Teachers Preparatory High School,17559,Teachers Preparatory HS/FDA VII,
12X242,Mott Hall V,12242,The Annex Campus,
12X478,The Cinema School,12242,The Annex Campus,
02M260,M.S. 260 Clinton School Writers & Artists,02260,The Clinton School for Writers and Artists,
12X248,"Metropolitan High School, The",12552,The Metropolitan High School,
27Q323,Scholars' Academy,27479,The Scholars Academy,
19K683,"The School for Classics: An Academy of Thinkers, W",19683,The School For Classics,
84K359,The Uft Charter School,19358,The UFT Charter School,
28Q620,Thomas A. Edison Career and Technical Education Hi,28541,Thomas Edison,
19K431,Thomas Jefferson Yabc,19543,Thomas Jefferson Campus,
19K502,FDNY - Captain Vernon A. Richard High School for F,19543,Thomas Jefferson Campus,
19K504,High School for Civil Rights,19543,Thomas Jefferson Campus,
19K507,Performing Arts and Technology High School,19543,Thomas Jefferson Campus,
19K510,World Academy for Total Community Health High Scho,19543,Thomas Jefferson Campus,
05M670,Thurgood Marshall Academy for Learning and Social,05365,Thurgood Marshall Academy,
18K563,It Takes a Village Academy,18539,Tilden Educational Campus,
18K569,Kurt Hahn Expeditionary Learning School,18539,Tilden Educational Campus,
18K629,Cultural Academy for the Arts and Sciences,18539,Tilden Educational Campus,
31R455,Tottenville High School,31509,Tottenville,
31R607,Staten Island Yabc,31509,Tottenville,
25Q525,Townsend Harris High School,25501,Townsend Harris,
19K615,Transit Tech Career and Technical Education High S,19551,Transit Tech CTE High School,
84K712,Excellence Girls Charter School,17661,Uncommon Charter High School,
01M448,University Neighborhood High School,02516,University Neighborhood,
12X372,Urban Assembly School for Wildlife Conservation,12372,Urban Assembly School for Wildlife Conservation,
84K417,Urban Dove Charter School,13419,Urban Dove Team Charter School,
24Q744,VOYAGES Preparatory,24744,Voyages Preparatory,
27Q261,Voyages Prep - South Queens,27261,Voyages South Preparatory High School,
03M415,Wadleigh Secondary School for the Performing & Vis,03325,Wadleigh Secondary School,
10X268,Kingsbridge International High School,10515,Walton Campus,
10X342,International School for Liberal Arts,10515,Walton Campus,
10X433,High School for Teaching and the Professions,10515,Walton Campus,
10X442,"Celia Cruz Bronx High School of Music, The",10515,Walton Campus,
10X503,Walton Yabc,10515,Walton Campus,
10X549,Discovery High School,10515,Walton Campus,
06M348,Washington Heights Expeditionary Learning School,06348,Washington Heights Expeditionary Learning School,
02M374,Gramercy Arts High School,02521,Washington Irving HS,
02M399,The High School For Language And Diplomacy,02521,Washington Irving HS,
02M438,International High School at Union Square,02521,Washington Irving HS,
02M473,Washington Irving Yabc,02521,Washington Irving HS,
02M533,Union Square Academy for Health Sciences,02521,Washington Irving HS,
02M534,Harvest Collegiate High School,02521,Washington Irving HS,
02M546,Academy for Software Engineering,02521,Washington Irving HS,
02M288,Food and Finance High School,02522,West 50th Street Campus,
02M296,High School of Hospitality Management,02522,West 50th Street Campus,
02M300,"Urban Assembly School of Design and Construction,",02522,West 50th Street Campus,
02M303,"Facing History School, The",02522,West 50th Street Campus,
02M542,Manhattan Bridges High School,02522,West 50th Street Campus,
84M707,John V. Lindsay Wildcat Academy Charter School,02574,Wildcat Academy,
30Q445,William Cullen Bryant High School,30533,William C. Bryant,
21K344,Rachel Carson High School for Coastal Studies,21559,William E. Grady,
21K620,William E. Grady Career and Technical Education Hi,21559,William E. Grady,
19K660,W. H. Maxwell Career and Technical Education High,19561,William H. Maxwell,
84K473,Williamsburg Charter High School,14616,Williamsburg Charter High School,
17K531,"School for Human Rights, The",17523,Wingate Educational Campus,
17K546,High School for Public Service: Heroes of Tomorrow,17523,Wingate Educational Campus,
17K745,Brooklyn Institute for Liberal Arts,17523,Wingate Educational Campus,
12X684,Wings Academy,12438,Wings Academy High School,
28Q284,York Early College Academy,28284,York Early College Academy,
30Q286,"Young Women's Leadership School, Astoria",30289,Young Women's Leadership School - Astoria,
28Q896,"Young Women's Leadership School, Queens",28896,Young Women's Leadership School - Jamaica,