FromType,FromName,Edge,ToType,ToName,Weight
User,2row,Retweeted by,User,bernorjill,1
User,8___Tristan___8,Retweeted by,User,8___Tristan___8,2
User,8___Tristan___8,Retweeted by,User,lizjclark80,1
User,ACEBIGGLIL,Retweeted by,User,DarkDrai,1
User,ACEBIGGLIL,Retweeted by,User,FrancisNgannou_,1
User,ACEBIGGLIL,Retweeted by,User,LVanessa213,1
User,ACEBIGGLIL,Retweeted by,User,kirbygloverredo,1
User,ALeftoverture,Retweeted by,User,AnnabelleHawk2,1
User,ALeftoverture,Retweeted by,User,BluRidge4Bernie,1
User,ALeftoverture,Retweeted by,User,DebsDiaries,1
User,APB_Pa,Retweeted by,User,PDXorax,2
User,AdrianneEcho,Retweeted by,User,RynnBrooke,1
User,AdrianneEcho,Retweeted by,User,jonrocks69,1
User,AdrianneEcho,Retweeted by,User,rotunda_rotunda,1
User,AdrianneEcho,Retweeted by,User,taddyho,1
User,AlineValdez13,Retweeted by,User,MikeJoh81830484,1
User,AlineValdez13,Retweeted by,User,mkelly317,1
User,AllenTaira,Retweeted by,User,Randy_Relf,1
User,AmericanMohawk,Retweeted by,User,HillbillyTruth2,1
User,AngryArab1,Retweeted by,User,HThurs,1
User,AnnOster13,Retweeted by,User,FrostlichTheDK,1
User,AnneRadley,Retweeted by,User,debaptiste_john,1
User,ArriolaErick,Retweeted by,User,Skankyhunt,1
User,Bananas4Bernie,Retweeted by,User,AeldariMark,1
User,Bananas4Bernie,Retweeted by,User,AnnabelleHawk2,1
User,Bananas4Bernie,Retweeted by,User,ArielleCurtin,1
User,Bananas4Bernie,Retweeted by,User,FishermanYooper,1
User,Bananas4Bernie,Retweeted by,User,Fredric_Ward,1
User,Bananas4Bernie,Retweeted by,User,HailieTattrie,1
User,Bananas4Bernie,Retweeted by,User,HannahY46659731,1
User,Bananas4Bernie,Retweeted by,User,IanGabrielDraws,1
User,Bananas4Bernie,Retweeted by,User,IsotopeC14,1
User,Bananas4Bernie,Retweeted by,User,JMotley9,1
User,Bananas4Bernie,Retweeted by,User,KeelingCurve_9,1
User,Bananas4Bernie,Retweeted by,User,LynnRudd7,1
User,Bananas4Bernie,Retweeted by,User,MaudlinMaenad,1
User,Bananas4Bernie,Retweeted by,User,R3d_Horse,1
User,Bananas4Bernie,Retweeted by,User,RMpodol,1
User,Bananas4Bernie,Retweeted by,User,RtDassler,1
User,Bananas4Bernie,Retweeted by,User,SJB6991,1
User,Bananas4Bernie,Retweeted by,User,Sarushi_BR,1
User,Bananas4Bernie,Retweeted by,User,SebastosPublius,1
User,Bananas4Bernie,Retweeted by,User,Tachyon_Master,1
User,Bananas4Bernie,Retweeted by,User,TheRuralLife4Me,1
User,Bananas4Bernie,Retweeted by,User,TriciaHill7,1
User,Bananas4Bernie,Retweeted by,User,WinPropP,1
User,Bananas4Bernie,Retweeted by,User,YourBossCharlie,1
User,Bananas4Bernie,Retweeted by,User,bootyspankinn,1
User,Bananas4Bernie,Retweeted by,User,debaptiste_john,1
User,Bananas4Bernie,Retweeted by,User,jeantado,1
User,Bananas4Bernie,Retweeted by,User,matrock_7,1
User,Bananas4Bernie,Retweeted by,User,melodijoy,1
User,Bananas4Bernie,Retweeted by,User,notokaywithit,1
User,Bananas4Bernie,Retweeted by,User,rebeccaanne3,1
User,Bananas4Bernie,Retweeted by,User,revolt777,1
User,Bananas4Bernie,Retweeted by,User,savanahloverose,1
User,Bananas4Bernie,Retweeted by,User,wreck_writer,1
User,Barebeautybody,Retweeted by,User,Beezzwaxx99,1
User,Barebeautybody,Retweeted by,User,Blakdragonheart,1
User,Barebeautybody,Retweeted by,User,FrostlichTheDK,1
User,Barebeautybody,Retweeted by,User,PottPoll,1
User,Barebeautybody,Retweeted by,User,TheSlick001,1
User,Barebeautybody,Retweeted by,User,carolynreams1,1
User,Barebeautybody,Retweeted by,User,jennasky38377,1
User,Barebeautybody,Retweeted by,User,vox_politica,1
User,BeauTFC,Retweeted by,User,QuixSurfer,1
User,BeauTFC,Retweeted by,User,Sarushi_BR,1
User,BeauTFC,Retweeted by,User,larebil48,1
User,BeauTFC,Retweeted by,User,legionemu396,1
User,BeauTFC,Retweeted by,User,nahoo_unite,1
User,BernForBernie20,Retweeted by,User,AlannRyan,1
User,BernForBernie20,Retweeted by,User,AmyJeanKenna5,1
User,BernForBernie20,Retweeted by,User,AnnabelleHawk2,1
User,BernForBernie20,Retweeted by,User,ArielleCurtin,1
User,BernForBernie20,Retweeted by,User,FishermanYooper,1
User,BernForBernie20,Retweeted by,User,Fredric_Ward,1
User,BernForBernie20,Retweeted by,User,Hamigakiwanwan,1
User,BernForBernie20,Retweeted by,User,IDIOTdella,1
User,BernForBernie20,Retweeted by,User,KeelingCurve_9,1
User,BernForBernie20,Retweeted by,User,Knowmium,1
User,BernForBernie20,Retweeted by,User,LuckyLuna07,1
User,BernForBernie20,Retweeted by,User,LukesReceipts,1
User,BernForBernie20,Retweeted by,User,MaudlinMaenad,1
User,BernForBernie20,Retweeted by,User,Nunyazbiz,1
User,BernForBernie20,Retweeted by,User,PDXorax,1
User,BernForBernie20,Retweeted by,User,StatelessMan18,1
User,BernForBernie20,Retweeted by,User,bootyspankinn,1
User,BernForBernie20,Retweeted by,User,caseymacy8,1
User,BernForBernie20,Retweeted by,User,cryptobhagwan,1
User,BernForBernie20,Retweeted by,User,debaptiste_john,1
User,BernForBernie20,Retweeted by,User,drcaban,1
User,BernForBernie20,Retweeted by,User,jeantado,1
User,BernForBernie20,Retweeted by,User,kevinjbrauer,1
User,BernForBernie20,Retweeted by,User,lupo4cl2,1
User,BernForBernie20,Retweeted by,User,nick_wsuydsa,1
User,BernForBernie20,Retweeted by,User,openskies7,1
User,BernForBernie20,Retweeted by,User,owlwoman911_,1
User,BernForBernie20,Retweeted by,User,polirealm,1
User,BernForBernie20,Retweeted by,User,rebeccafiercexo,1
User,BernForBernie20,Retweeted by,User,soakfeet,1
User,BernPress,Retweeted by,User,Skankyhunt,1
User,BernPress,Retweeted by,User,bastuny,1
User,BernToAsch,Retweeted by,User,PottPoll,1
User,BernTractor,Retweeted by,User,sayarita,1
User,Bernie4USAPrez,Retweeted by,User,ishtarmuz,1
User,BigRfaze,Retweeted by,User,Shiningtheligh1,1
User,Big_Jim_Larkin,Retweeted by,User,BillHog15360397,1
User,Boss_Guillotine,Retweeted by,User,AnnabelleHawk2,1
User,Boss_Guillotine,Retweeted by,User,ArielleCurtin,2
User,Boss_Guillotine,Retweeted by,User,GabrielArcari2,1
User,Boss_Guillotine,Retweeted by,User,Kalidog4,1
User,Boss_Guillotine,Retweeted by,User,Rahnaseeta,1
User,Boss_Guillotine,Retweeted by,User,Staley1,1
User,Boss_Guillotine,Retweeted by,User,aerwaves_,1
User,Boss_Guillotine,Retweeted by,User,bernorjill,1
User,Boss_Guillotine,Retweeted by,User,jennasky38377,1
User,Boss_Guillotine,Retweeted by,User,marc_shariat,1
User,Boss_Guillotine,Retweeted by,User,mymindgetslost,1
User,Boss_Guillotine,Retweeted by,User,ravelesm,1
User,Boss_Guillotine,Retweeted by,User,scotty2971,1
User,Boss_Guillotine,Retweeted by,User,subliminal_cat,1
User,Boss_Guillotine,Retweeted by,User,theGuruWithin,1
User,Boss_Guillotine,Retweeted by,User,twinkeldink34,2
User,Brianarbour420,Retweeted by,User,bernorjill,1
User,Brianarbour420,Retweeted by,User,bobokkin,1
User,Brianarbour420,Retweeted by,User,ishtarmuz,1
User,BrookeMaine,Retweeted by,User,DarkDrai,1
User,BrookeMaine,Retweeted by,User,Djengo44,1
User,BrookeMaine,Retweeted by,User,HThurs,1
User,BrookeMaine,Retweeted by,User,PDXorax,1
User,BrunoBernier1,Retweeted by,User,ElderService,1
User,BrunoBernier1,Retweeted by,User,revolt777,1
User,BuniculaTv,Retweeted by,User,kaffkarockopera,1
User,BuniculaTv,Retweeted by,User,myrahenry24,1
User,BuniculaTv,Retweeted by,User,theoc2ps,1
User,CDZ_999,Retweeted by,User,CDZ_999,1
User,CHRISTLORD,Retweeted by,User,AngelsDivine,3
User,CJPendragon,Retweeted by,User,GuillermoDelAln,1
User,CJPendragon,Retweeted by,User,TheAwkwardGOP,1
User,CTPatriot2006,Retweeted by,User,BillHog15360397,1
User,CTPatriot2006,Retweeted by,User,CarthyismsRad,1
User,CTPatriot2006,Retweeted by,User,EuroYankeeBlog,1
User,CTPatriot2006,Retweeted by,User,bernorjill,1
User,CTPatriot2006,Retweeted by,User,ishtarmuz,1
User,CTPatriot2006,Retweeted by,User,ormedesmarais,1
User,CagedBirdsCafe,Retweeted by,User,AgileApophenia,1
User,CallingBSonU,Retweeted by,User,HouckLianna1,1
User,CallingBSonU,Retweeted by,User,PaDznynut,1
User,Carolin75054091,Retweeted by,User,VanStreetDog,1
User,CentristsSuck,Retweeted by,User,CarthyismsRad,1
User,Chrisf975,Retweeted by,User,BuckAdam69,1
User,CindiTurchik,Retweeted by,User,BillHog15360397,1
User,CindiTurchik,Retweeted by,User,lovinglake,1
User,CitizensForBern,Retweeted by,User,Decima28936219,1
User,CitizensForBern,Retweeted by,User,HThurs,1
User,CitizensForBern,Retweeted by,User,IWANT2NO,1
User,CitizensForBern,Retweeted by,User,NlitendOperativ,1
User,CitizensForBern,Retweeted by,User,NullifiedVoice,1
User,CitizensForBern,Retweeted by,User,PIStaker20,1
User,CitizensForBern,Retweeted by,User,jennasky38377,1
User,ClarkRaha,Retweeted by,User,buckahinski,1
User,CommieAngel,Retweeted by,User,ASMooTH650,1
User,CommieAngel,Retweeted by,User,DebsDiaries,1
User,CommieAngel,Retweeted by,User,mssenatorbenard,1
User,CongressLawton4,Retweeted by,User,BybeeWinecloud,1
User,CongressLawton4,Retweeted by,User,DebsDiaries,1
User,CongressLawton4,Retweeted by,User,HungryNinjaBear,1
User,CongressLawton4,Retweeted by,User,K810Mt,1
User,CongressLawton4,Retweeted by,User,RickJWallace94,1
User,CongressLawton4,Retweeted by,User,johnnywrenn,1
User,CongressLawton4,Retweeted by,User,magister418,1
User,CongressLawton4,Retweeted by,User,marc_shariat,1
User,CongressLawton4,Retweeted by,User,w7bro,1
User,Cowicide,Retweeted by,User,CarthyismsRad,1
User,Cowicide,Retweeted by,User,DianaBardsley,1
User,Cowicide,Retweeted by,User,JMotley9,1
User,Cowicide,Retweeted by,User,John_n_Oregon,1
User,Cowicide,Retweeted by,User,PostScarcityPal,1
User,Cowicide,Retweeted by,User,Skankyhunt,1
User,Cowicide,Retweeted by,User,arachnet,1
User,Cowicide,Retweeted by,User,ghostkidarioch,1
User,Cowicide,Retweeted by,User,kevinjbrauer,2
User,Cowicide,Retweeted by,User,polirealm,1
User,Creeemi,Retweeted by,User,bernorjill,1
User,CroughEdward,Retweeted by,User,LoriHackney,1
User,CroughEdward,Retweeted by,User,jonrocks69,1
User,CultureShlock,Retweeted by,User,Alta_LMSW,1
User,CultureShlock,Retweeted by,User,BlackPatriotQ17,1
User,CultureShlock,Retweeted by,User,BuddyMoore23,1
User,CultureShlock,Retweeted by,User,CGlerking,1
User,CultureShlock,Retweeted by,User,CinderellaMan2,1
User,CultureShlock,Retweeted by,User,DanielxXxGarcia,1
User,CultureShlock,Retweeted by,User,DiamondCut2017,1
User,CultureShlock,Retweeted by,User,FuMikechu,1
User,CultureShlock,Retweeted by,User,JMotley9,1
User,CultureShlock,Retweeted by,User,Jcotty_18,1
User,CultureShlock,Retweeted by,User,KJSOpenGov,1
User,CultureShlock,Retweeted by,User,KristinG70,1
User,CultureShlock,Retweeted by,User,LibertyFan76,1
User,CultureShlock,Retweeted by,User,LuckyLuna07,1
User,CultureShlock,Retweeted by,User,LukusBlack,1
User,CultureShlock,Retweeted by,User,M00se1992,1
User,CultureShlock,Retweeted by,User,RHinSarata,1
User,CultureShlock,Retweeted by,User,RtDassler,1
User,CultureShlock,Retweeted by,User,SarahKutzler,1
User,CultureShlock,Retweeted by,User,ShamelessKlutz,1
User,CultureShlock,Retweeted by,User,StacyChen20,1
User,CultureShlock,Retweeted by,User,Striped_Sponge,1
User,CultureShlock,Retweeted by,User,TheresaPagano,1
User,CultureShlock,Retweeted by,User,TriciaHill7,1
User,CultureShlock,Retweeted by,User,USMC81Mortarman,1
User,CultureShlock,Retweeted by,User,VinceGottalotta,1
User,CultureShlock,Retweeted by,User,VotingRed1,1
User,CultureShlock,Retweeted by,User,bootyspankinn,1
User,CultureShlock,Retweeted by,User,erikwill,1
User,CultureShlock,Retweeted by,User,geneeverettshow,1
User,CultureShlock,Retweeted by,User,gregtobacco,1
User,CultureShlock,Retweeted by,User,jolluxhart,1
User,CultureShlock,Retweeted by,User,justonepatriot,1
User,CultureShlock,Retweeted by,User,kevinjbrauer,1
User,CultureShlock,Retweeted by,User,moreyahyaplease,1
User,CultureShlock,Retweeted by,User,mschleifer13,1
User,CultureShlock,Retweeted by,User,natanael_zc,1
User,CultureShlock,Retweeted by,User,oh_tom_hogan,1
User,CultureShlock,Retweeted by,User,originlbookgirl,1
User,CultureShlock,Retweeted by,User,rickmaitra,1
User,CultureShlock,Retweeted by,User,shepersists2,1
User,CultureShlock,Retweeted by,User,viking_curse,1
User,CultureShlock,Retweeted by,User,winewatcher,1
User,Cynicurus,Retweeted by,User,CarthyismsRad,1
User,DGreatAwakening,Retweeted by,User,KJacob74,1
User,DGreatAwakening,Retweeted by,User,jonrocks69,1
User,DHajjari,Retweeted by,User,bernorjill,1
User,DRKMATR420,Retweeted by,User,stampysez_relax,1
User,DSA_weed_caucus,Retweeted by,User,jamestrumpster1,1
User,Danny_Stainview,Retweeted by,User,CarthyismsRad,1
User,Dean5012,Retweeted by,User,Ginbatt,1
User,Dean5012,Retweeted by,User,KeelingCurve_9,1
User,Dean5012,Retweeted by,User,SouthernGal918,1
User,Dean5012,Retweeted by,User,billie_capri,1
User,Dean5012,Retweeted by,User,drbaldwin,1
User,Dean5012,Retweeted by,User,kevinjbrauer,1
User,Dean5012,Retweeted by,User,polirealm,1
User,Dean5012,Retweeted by,User,rebeccafiercexo,1
User,DianePkbg,Retweeted by,User,ArielleCurtin,1
User,DianePkbg,Retweeted by,User,IsotopeC14,1
User,DianePkbg,Retweeted by,User,NlitendOperativ,1
User,DianePkbg,Retweeted by,User,bernorjill,1
User,DianePkbg,Retweeted by,User,dime85sg,1
User,DianePkbg,Retweeted by,User,jennasky38377,1
User,DianePkbg,Retweeted by,User,o_J4D3N_o,1
User,EKraabel,Retweeted by,User,CarthyismsRad,1
User,EKraabel,Retweeted by,User,NlitendOperativ,1
User,EKraabel,Retweeted by,User,PottPoll,1
User,EKraabel,Retweeted by,User,kevinjbrauer,1
User,EdToShred,Retweeted by,User,GeorgeSoniak,1
User,EdanClay,Retweeted by,User,BlueDevilyn,1
User,EdanClay,Retweeted by,User,ColleenPaige1,1
User,EdanClay,Retweeted by,User,DanSkinnerArt,1
User,EdanClay,Retweeted by,User,Draniarb,1
User,EdanClay,Retweeted by,User,GayJessegirl,1
User,EdanClay,Retweeted by,User,GlennLibby,1
User,EdanClay,Retweeted by,User,SaucyMinx8,1
User,EdanClay,Retweeted by,User,TheMominatrixx,1
User,EdanClay,Retweeted by,User,We_R_Watching_U,1
User,EdanClay,Retweeted by,User,dianesummers6,1
User,EdanClay,Retweeted by,User,eimzcaomhanach,2
User,EdanClay,Retweeted by,User,lestatdelc,2
User,EdanClay,Retweeted by,User,pj5ullivan,1
User,Elisabeth_04,Retweeted by,User,foolm1ns,1
User,Ellars,Retweeted by,User,907AlaskanFern,1
User,Ellars,Retweeted by,User,AEGISAllianceTM,1
User,Ellars,Retweeted by,User,Alyssumn35,1
User,Ellars,Retweeted by,User,AmyJeanKenna5,1
User,Ellars,Retweeted by,User,AnbuJr010,1
User,Ellars,Retweeted by,User,AnnabelleHawk2,1
User,Ellars,Retweeted by,User,ArielleCurtin,1
User,Ellars,Retweeted by,User,BlackPatriotQ17,1
User,Ellars,Retweeted by,User,BlueHat4Life,1
User,Ellars,Retweeted by,User,BrudalBruthers,1
User,Ellars,Retweeted by,User,Ccaragon57,1
User,Ellars,Retweeted by,User,ChaseNeiz,1
User,Ellars,Retweeted by,User,CodyRh2020,1
User,Ellars,Retweeted by,User,CommanderCoin,1
User,Ellars,Retweeted by,User,CucuillinSkyes,1
User,Ellars,Retweeted by,User,DarkDrai,1
User,Ellars,Retweeted by,User,Decima28936219,1
User,Ellars,Retweeted by,User,IanGabrielDraws,1
User,Ellars,Retweeted by,User,InfiniteLegend,1
User,Ellars,Retweeted by,User,Invictus891,1
User,Ellars,Retweeted by,User,Jen2Jenny,1
User,Ellars,Retweeted by,User,JohnnyUtah1843,1
User,Ellars,Retweeted by,User,JoshuaTemple80,1
User,Ellars,Retweeted by,User,KevioShowmann,1
User,Ellars,Retweeted by,User,Knowmium,1
User,Ellars,Retweeted by,User,LarrauryJocelyn,1
User,Ellars,Retweeted by,User,LegendOfSandy,1
User,Ellars,Retweeted by,User,Leo68915109,1
User,Ellars,Retweeted by,User,LindaKay1971,1
User,Ellars,Retweeted by,User,LuckyLuna07,1
User,Ellars,Retweeted by,User,MaudlinMaenad,1
User,Ellars,Retweeted by,User,MichaelinMI,1
User,Ellars,Retweeted by,User,MissMorgaine,2
User,Ellars,Retweeted by,User,NavidHedayati,1
User,Ellars,Retweeted by,User,Nunyazbiz,1
User,Ellars,Retweeted by,User,PDXorax,3
User,Ellars,Retweeted by,User,PatsonRay,1
User,Ellars,Retweeted by,User,Peter_Z122,1
User,Ellars,Retweeted by,User,Quinnquelyn,1
User,Ellars,Retweeted by,User,RussellDMV,1
User,Ellars,Retweeted by,User,SabirSyreta,1
User,Ellars,Retweeted by,User,SamStar11982145,1
User,Ellars,Retweeted by,User,Tawanda46,1
User,Ellars,Retweeted by,User,ThisMicah,1
User,Ellars,Retweeted by,User,TriciaHill7,1
User,Ellars,Retweeted by,User,WinPropP,1
User,Ellars,Retweeted by,User,arsinoe_p,1
User,Ellars,Retweeted by,User,callingstream,1
User,Ellars,Retweeted by,User,chadrullman,1
User,Ellars,Retweeted by,User,chris34252462,1
User,Ellars,Retweeted by,User,dime85sg,1
User,Ellars,Retweeted by,User,dnrndn,1
User,Ellars,Retweeted by,User,dynphinia,1
User,Ellars,Retweeted by,User,embryo101,1
User,Ellars,Retweeted by,User,followblanca,1
User,Ellars,Retweeted by,User,jeantado,1
User,Ellars,Retweeted by,User,jennasky38377,1
User,Ellars,Retweeted by,User,jothe3inv,1
User,Ellars,Retweeted by,User,justonepatriot,1
User,Ellars,Retweeted by,User,kevinjbrauer,1
User,Ellars,Retweeted by,User,kingoftheD414,1
User,Ellars,Retweeted by,User,knoti_shop,1
User,Ellars,Retweeted by,User,mandystadt,1
User,Ellars,Retweeted by,User,natashasamani,1
User,Ellars,Retweeted by,User,patrickhhhhhh,1
User,Ellars,Retweeted by,User,polirealm,1
User,Ellars,Retweeted by,User,rentonMagaUK,1
User,Ellars,Retweeted by,User,reroll,1
User,Ellars,Retweeted by,User,rickmaitra,1
User,Ellars,Retweeted by,User,ruthellaowens,1
User,Ellars,Retweeted by,User,scotty2971,1
User,Ellars,Retweeted by,User,sexy_ed_sheeran,1
User,Ellars,Retweeted by,User,shuminghuang171,1
User,Ellars,Retweeted by,User,skylynjr06,1
User,Ellars,Retweeted by,User,the_one_mateo,1
User,Ellars,Retweeted by,User,thelifeofbf,1
User,Ellars,Retweeted by,User,winberniewin,1
User,Ellars,Retweeted by,User,xRAMx714,1
User,Engineerpolitix,Retweeted by,User,GodandtheBear,1
User,ErikBonez,Retweeted by,User,AgileApophenia,2
User,ErikBonez,Retweeted by,User,BillHog15360397,1
User,ErikBonez,Retweeted by,User,IsotopeC14,1
User,EuroYankeeBlog,Retweeted by,User,AndrewBrewGeisz,1
User,EuroYankeeBlog,Retweeted by,User,AnnabelleHawk2,1
User,EuroYankeeBlog,Retweeted by,User,BernieBot_2020,1
User,EuroYankeeBlog,Retweeted by,User,CarthyismsRad,1
User,EuroYankeeBlog,Retweeted by,User,FaithFortune99,2
User,EuroYankeeBlog,Retweeted by,User,Hawken,1
User,EuroYankeeBlog,Retweeted by,User,IgorZeTodorovic,1
User,EuroYankeeBlog,Retweeted by,User,Michael_Thal,1
User,EuroYankeeBlog,Retweeted by,User,Monices_Pieces,1
User,EuroYankeeBlog,Retweeted by,User,PearlJolly,1
User,EuroYankeeBlog,Retweeted by,User,StCasimir1,1
User,EuroYankeeBlog,Retweeted by,User,YannickStromei,1
User,EuroYankeeBlog,Retweeted by,User,alishajane777,1
User,EuroYankeeBlog,Retweeted by,User,be_elzabozo,1
User,EuroYankeeBlog,Retweeted by,User,marc_shariat,1
User,EuroYankeeBlog,Retweeted by,User,rentonMagaUK,1
User,EuroYankeeBlog,Retweeted by,User,strongholdbk,1
User,EuroYankeeBlog,Retweeted by,User,tntroy61,1
User,EuroYankeeBlog,Retweeted by,User,venturing_minds,1
User,EuroYankeeBlog,Retweeted by,User,wontholdmynose,1
User,Exiledathome,Retweeted by,User,lupo4cl2,1
User,FemaleBernieBro,Retweeted by,User,RealCyrilO,1
User,FemaleBernieBro,Retweeted by,User,Steve12608013,1
User,FemaleBernieBro,Retweeted by,User,marc_shariat,1
User,FleeingCarcosa,Retweeted by,User,BillHog15360397,1
User,FrancisNgannou_,Retweeted by,User,DennisSomers5,1
User,FrancisNgannou_,Retweeted by,User,DonaldC6,2
User,FrancisNgannou_,Retweeted by,User,HellionHellfire,1
User,FrankPalaver,Retweeted by,User,KarenKat23,1
User,Frank_White_11,Retweeted by,User,AnnabelleHawk2,1
User,Frank_White_11,Retweeted by,User,DebrineKirk,1
User,Frank_White_11,Retweeted by,User,bernorjill,1
User,FredHam92844604,Retweeted by,User,HThurs,1
User,GarlandNixon,Retweeted by,User,B43Franco,2
User,GarlandNixon,Retweeted by,User,DianaBardsley,1
User,GarlandNixon,Retweeted by,User,IsotopeC14,1
User,GarlandNixon,Retweeted by,User,RealKimmyPach,1
User,GarlandNixon,Retweeted by,User,berniewins2020,1
User,GarlandNixon,Retweeted by,User,grantjarvis66,2
User,GarlandNixon,Retweeted by,User,jeantado,1
User,GarlandNixon,Retweeted by,User,lupo4cl2,1
User,GarlandNixon,Retweeted by,User,marc_shariat,1
User,GarlandNixon,Retweeted by,User,partynxs,2
User,Gingrich_of_PA,Retweeted by,User,Benrichards7777,1
User,Gingrich_of_PA,Retweeted by,User,BlackTrain,1
User,Gingrich_of_PA,Retweeted by,User,IAmMelodyRose,1
User,Gingrich_of_PA,Retweeted by,User,Kootice,1
User,Gingrich_of_PA,Retweeted by,User,LisaMcGov,1
User,Gingrich_of_PA,Retweeted by,User,LobdellCliff,1
User,Gingrich_of_PA,Retweeted by,User,MMMcC54,1
User,Gingrich_of_PA,Retweeted by,User,Marilyn81202048,1
User,Gingrich_of_PA,Retweeted by,User,PatiM2,1
User,Gingrich_of_PA,Retweeted by,User,RivalTek,1
User,Gingrich_of_PA,Retweeted by,User,TDufon,1
User,Gingrich_of_PA,Retweeted by,User,TJBSKY25,1
User,Gingrich_of_PA,Retweeted by,User,VANBAND35,1
User,Gingrich_of_PA,Retweeted by,User,VotingRed1,1
User,Gingrich_of_PA,Retweeted by,User,bikerbd,1
User,Gingrich_of_PA,Retweeted by,User,connie2589,1
User,Gingrich_of_PA,Retweeted by,User,electrocoilz,1
User,Gingrich_of_PA,Retweeted by,User,fickett_donald,1
User,Gingrich_of_PA,Retweeted by,User,glasses_no,1
User,Gingrich_of_PA,Retweeted by,User,gregtobacco,1
User,Gingrich_of_PA,Retweeted by,User,jrbloom57,1
User,Gingrich_of_PA,Retweeted by,User,mattleathers,1
User,Gingrich_of_PA,Retweeted by,User,menbearpig1,1
User,Gingrich_of_PA,Retweeted by,User,schoondoggy,1
User,Gingrich_of_PA,Retweeted by,User,sovereignity77,1
User,Gingrich_of_PA,Retweeted by,User,truthcounts4,1
User,Gingrich_of_PA,Retweeted by,User,twitteesc,1
User,Gkappp,Retweeted by,User,bernorjill,1
User,Globalcitizn1,Retweeted by,User,AnnieDuBois69,1
User,Globalcitizn1,Retweeted by,User,Jack__Daw,1
User,Globalcitizn1,Retweeted by,User,tausendeins,1
User,GuiltyHonkey,Retweeted by,User,MericaF_Yeah,1
User,HamFistSwiggy,Retweeted by,User,Ernesto55248617,1
User,HamFistSwiggy,Retweeted by,User,JMotley9,1
User,HamFistSwiggy,Retweeted by,User,MichaelOldGregg,1
User,HamFistSwiggy,Retweeted by,User,R3d_Horse,1
User,HamFistSwiggy,Retweeted by,User,Skankyhunt,1
User,HamFistSwiggy,Retweeted by,User,cocoregime,1
User,HamFistSwiggy,Retweeted by,User,frixdays,1
User,HamFistSwiggy,Retweeted by,User,jamyangdolma12,1
User,HamFistSwiggy,Retweeted by,User,kevinjbrauer,1
User,HamFistSwiggy,Retweeted by,User,milibxnd,1
User,HamFistSwiggy,Retweeted by,User,polirealm,1
User,HansenLit,Retweeted by,User,CristianBebop,1
User,HansenLit,Retweeted by,User,JayMuhSu,1
User,HansenLit,Retweeted by,User,KarateGrizzly,1
User,HansenLit,Retweeted by,User,MaudlinMaenad,1
User,HansenLit,Retweeted by,User,Michael_Thal,1
User,HansenLit,Retweeted by,User,NCremin,1
User,HansenLit,Retweeted by,User,Politicoaster,1
User,HansenLit,Retweeted by,User,RHinSarata,1
User,HansenLit,Retweeted by,User,RigoHC,1
User,HansenLit,Retweeted by,User,RueBarb_,1
User,HansenLit,Retweeted by,User,Skankyhunt,1
User,HansenLit,Retweeted by,User,WinPropP,1
User,HansenLit,Retweeted by,User,imnoahc,1
User,HansenLit,Retweeted by,User,klefling,1
User,HansenLit,Retweeted by,User,mfosb,1
User,HansenLit,Retweeted by,User,occularmandible,1
User,HansenLit,Retweeted by,User,revolt777,1
User,HansenLit,Retweeted by,User,sniffmypiss,1
User,HansenLit,Retweeted by,User,thelifeofbf,1
User,HansenLit,Retweeted by,User,vox_politica,1
User,Hard_Bastard,Retweeted by,User,rentonMagaUK,1
User,HlPlastic,Retweeted by,User,FrancisNgannou_,1
User,HlPlastic,Retweeted by,User,dfm_97,1
User,HlPlastic,Retweeted by,User,jlburns314,1
User,Horse_Jeans,Retweeted by,User,CarthyismsRad,1
User,IDIOTdella,Retweeted by,User,Greataronski,1
User,Ian56789,Retweeted by,User,AgileApophenia,1
User,Ian56789,Retweeted by,User,DanaMil70590816,1
User,Ian56789,Retweeted by,User,IsotopeC14,1
User,Ian56789,Retweeted by,User,NoIdaho_Gal,1
User,Ian56789,Retweeted by,User,Reeev0,1
User,Ian56789,Retweeted by,User,TarikAkidil,1
User,Ian56789,Retweeted by,User,ThehulaG,1
User,Ian56789,Retweeted by,User,bernorjill,1
User,Ian56789,Retweeted by,User,errored_seconds,1
User,Ian56789,Retweeted by,User,ivanajpavlovic,1
User,Ian56789,Retweeted by,User,jennasky38377,1
User,Ian56789,Retweeted by,User,marksross,1
User,Ian56789,Retweeted by,User,rentonMagaUK,1
User,Ian56789,Retweeted by,User,roderickburrell,1
User,IndyCardFan2,Retweeted by,User,jay_snowdon,1
User,IndyCardFan2,Retweeted by,User,reneeannxyz,1
User,IndyPressLive,Retweeted by,User,DebsDiaries,1
User,IndyPressLive,Retweeted by,User,LeFeverSax,1
User,IndyPressLive,Retweeted by,User,Ogust34422143,1
User,IndyPressLive,Retweeted by,User,_marcoslevy,1
User,IndyPressLive,Retweeted by,User,bja222,1
User,IndyPressLive,Retweeted by,User,coral_turpen,1
User,IndyPressLive,Retweeted by,User,legant66,1
User,IndyPressLive,Retweeted by,User,magister418,1
User,IndyPressLive,Retweeted by,User,paladinette,1
User,IndyPressLive,Retweeted by,User,sapmcdowell,1
User,IndyPressLive,Retweeted by,User,w7bro,1
User,InlawsOutlaws,Retweeted by,User,BlueDevilyn,1
User,InlawsOutlaws,Retweeted by,User,BrickONeil,1
User,InlawsOutlaws,Retweeted by,User,BuzzEdition,1
User,InlawsOutlaws,Retweeted by,User,GreenleeGazette,1
User,InlawsOutlaws,Retweeted by,User,TheMominatrixx,1
User,InlawsOutlaws,Retweeted by,User,marylougeorge2,1
User,InlawsOutlaws,Retweeted by,User,nrock74,1
User,InlawsOutlaws,Retweeted by,User,raudrau,1
User,InlawsOutlaws,Retweeted by,User,sjmn777,1
User,InlawsOutlaws,Retweeted by,User,texan_Kate,1
User,InternetRooster,Retweeted by,User,imnoahc,1
User,J_H_5,Retweeted by,User,bernorjill,1
User,J_H_5,Retweeted by,User,jennasky38377,1
User,JakeBrannan5499,Retweeted by,User,bernorjill,1
User,Jamieyanggang,Retweeted by,User,jeantado,1
User,JayPotato1,Retweeted by,User,17GEN4,1
User,JayPotato1,Retweeted by,User,BlackPatriotQ17,1
User,JayPotato1,Retweeted by,User,Bloviate_Barbie,1
User,JayPotato1,Retweeted by,User,Deacon5W,1
User,JayPotato1,Retweeted by,User,DustinA84,1
User,JayPotato1,Retweeted by,User,HannaUwakwe,1
User,JayPotato1,Retweeted by,User,Iraodium,1
User,JayPotato1,Retweeted by,User,JamChrisJoy,1
User,JayPotato1,Retweeted by,User,John931457621,1
User,JayPotato1,Retweeted by,User,Kathy64120382,1
User,JayPotato1,Retweeted by,User,Kidlid,1
User,JayPotato1,Retweeted by,User,KristinG70,1
User,JayPotato1,Retweeted by,User,PDXorax,1
User,JayPotato1,Retweeted by,User,ReaganDem4Trump,1
User,JayPotato1,Retweeted by,User,Stonehawk,1
User,JayPotato1,Retweeted by,User,ZerepSabas,1
User,JayPotato1,Retweeted by,User,adamakaufman,1
User,JayPotato1,Retweeted by,User,mozartme,1
User,JayPotato1,Retweeted by,User,rebeccaanne3,1
User,JayPotato1,Retweeted by,User,revolt777,1
User,JayPotato1,Retweeted by,User,zenglen,1
User,JerryMelgoza,Retweeted by,User,GrowJam,1
User,JerryMelgoza,Retweeted by,User,IsotopeC14,1
User,JerryMelgoza,Retweeted by,User,LeafandLemon,1
User,JerryMelgoza,Retweeted by,User,brooklynnygirl,1
User,JerryMelgoza,Retweeted by,User,marc_shariat,1
User,Jijarugen,Retweeted by,User,IanGabrielDraws,1
User,John931457621,Retweeted by,User,AgileApophenia,1
User,John931457621,Retweeted by,User,ClitorisVoter,1
User,John931457621,Retweeted by,User,DebsDiaries,1
User,John931457621,Retweeted by,User,Nerif20,1
User,John931457621,Retweeted by,User,bernorjill,1
User,John931457621,Retweeted by,User,jennasky38377,1
User,John931457621,Retweeted by,User,marc_shariat,1
User,John931457621,Retweeted by,User,revolt777,1
User,JohnathanRoyale,Retweeted by,User,jennasky38377,1
User,JohnathanRoyale,Retweeted by,User,senor_sick,1
User,JohnnyJamsSEA,Retweeted by,User,AliceSPORPf,1
User,JohnnyJamsSEA,Retweeted by,User,BellaLunaBotana,1
User,JohnnyJamsSEA,Retweeted by,User,ElipieMegan,1
User,JohnnyJamsSEA,Retweeted by,User,JOnemoretry,1
User,JohnnyJamsSEA,Retweeted by,User,JimmyFalls2,1
User,JohnnyJamsSEA,Retweeted by,User,Rome_Fell,1
User,JohnnyJamsSEA,Retweeted by,User,RueBarb_,1
User,JohnnyJamsSEA,Retweeted by,User,TrishWisty,1
User,JohnnyJamsSEA,Retweeted by,User,Wendy_Kussmaul,1
User,JohnnyJamsSEA,Retweeted by,User,YunoDaVibez,1
User,JohnnyJamsSEA,Retweeted by,User,cyborgunplugged,1
User,JohnnyJamsSEA,Retweeted by,User,larebil48,1
User,JohnnyJamsSEA,Retweeted by,User,polirealm,1
User,JohnnyJamsSEA,Retweeted by,User,retronomicon666,1
User,JohnnyJamsSEA,Retweeted by,User,sheilaflwrseed,1
User,JoshuaTemple80,Retweeted by,User,DonaldC6,1
User,JustinCaffier,Retweeted by,User,R3d_Horse,1
User,K0mori_,Retweeted by,User,burzum0001,1
User,KashJackson2018,Retweeted by,User,1Nation2Parties,1
User,KashJackson2018,Retweeted by,User,Adjustedwell,1
User,KashJackson2018,Retweeted by,User,AnnaEddy1,1
User,KashJackson2018,Retweeted by,User,BillFrederick8,1
User,KashJackson2018,Retweeted by,User,BlackPatriotQ17,1
User,KashJackson2018,Retweeted by,User,BuyDomains1,1
User,KashJackson2018,Retweeted by,User,CRZYRedHead2018,1
User,KashJackson2018,Retweeted by,User,CandyGirlCLW,1
User,KashJackson2018,Retweeted by,User,CeasarKatz,1
User,KashJackson2018,Retweeted by,User,CinderellaMan2,1
User,KashJackson2018,Retweeted by,User,Doherty18Pat,1
User,KashJackson2018,Retweeted by,User,Fgarcia2849Jr,1
User,KashJackson2018,Retweeted by,User,Gina4DJT2020,1
User,KashJackson2018,Retweeted by,User,JLOgottheGLOW,1
User,KashJackson2018,Retweeted by,User,Jhwrr,1
User,KashJackson2018,Retweeted by,User,KerrinHester,1
User,KashJackson2018,Retweeted by,User,Kimberl32278503,1
User,KashJackson2018,Retweeted by,User,MIAcalaEng,1
User,KashJackson2018,Retweeted by,User,MaryWarrick18,1
User,KashJackson2018,Retweeted by,User,MisterHeart10,1
User,KashJackson2018,Retweeted by,User,NameRedacted__,1
User,KashJackson2018,Retweeted by,User,Nationalists31,1
User,KashJackson2018,Retweeted by,User,NetworkBTN,1
User,KashJackson2018,Retweeted by,User,R982507291,1
User,KashJackson2018,Retweeted by,User,Saminsunderland,1
User,KashJackson2018,Retweeted by,User,TIGGERR00,1
User,KashJackson2018,Retweeted by,User,TheBigDigmystic,1
User,KashJackson2018,Retweeted by,User,TomPats12,1
User,KashJackson2018,Retweeted by,User,TrailBum2,1
User,KashJackson2018,Retweeted by,User,USATrendingNew1,1
User,KashJackson2018,Retweeted by,User,VirusEmpathy,1
User,KashJackson2018,Retweeted by,User,WeCuff,1
User,KashJackson2018,Retweeted by,User,ajnalight,1
User,KashJackson2018,Retweeted by,User,amadeus2018r,1
User,KashJackson2018,Retweeted by,User,aurorabisig,1
User,KashJackson2018,Retweeted by,User,bsuall,1
User,KashJackson2018,Retweeted by,User,chapjt,1
User,KashJackson2018,Retweeted by,User,filnj,1
User,KashJackson2018,Retweeted by,User,gregtobacco,1
User,KashJackson2018,Retweeted by,User,gshell1234,1
User,KashJackson2018,Retweeted by,User,jamestrumpster1,1
User,KashJackson2018,Retweeted by,User,joe_linkous,1
User,KashJackson2018,Retweeted by,User,johnpecco1,1
User,KashJackson2018,Retweeted by,User,jtfpeterson,1
User,KashJackson2018,Retweeted by,User,justonepatriot,1
User,KashJackson2018,Retweeted by,User,lavist1,1
User,KashJackson2018,Retweeted by,User,ldupc3,1
User,KashJackson2018,Retweeted by,User,linnyt7,1
User,KashJackson2018,Retweeted by,User,lisawharton18,1
User,KashJackson2018,Retweeted by,User,lunamoongrey,1
User,KashJackson2018,Retweeted by,User,lupo4cl2,1
User,KashJackson2018,Retweeted by,User,mamasabe1,1
User,KashJackson2018,Retweeted by,User,marc_0013,1
User,KashJackson2018,Retweeted by,User,openskies7,1
User,KashJackson2018,Retweeted by,User,proberts61,1
User,KashJackson2018,Retweeted by,User,rebeccaanne3,1
User,KashJackson2018,Retweeted by,User,robb161616,1
User,KashJackson2018,Retweeted by,User,tracyDa34033517,1
User,KashJackson2018,Retweeted by,User,vox_politica,1
User,KashJackson2018,Retweeted by,User,wonhunglow2,1
User,Kayrosis,Retweeted by,User,HellionHellfire,1
User,Kayrosis,Retweeted by,User,Iraodium,1
User,Kayrosis,Retweeted by,User,James0000000004,1
User,Kayrosis,Retweeted by,User,Taco_Champ,1
User,Kayrosis,Retweeted by,User,eat_more_tacos,1
User,Kayrosis,Retweeted by,User,guacalamole,1
User,Kayrosis,Retweeted by,User,shuminghuang171,1
User,Kayrosis,Retweeted by,User,sushipizzacoin,1
User,KeelingCurve_9,Retweeted by,User,jonrocks69,1
User,KeyDecision1,Retweeted by,User,BuddyMoore23,1
User,KeyDecision1,Retweeted by,User,Cuneoborn,1
User,KeyDecision1,Retweeted by,User,IsotopeC14,1
User,KeyDecision1,Retweeted by,User,LauraReilly68,1
User,KeyDecision1,Retweeted by,User,LehmannBro,1
User,KeyDecision1,Retweeted by,User,MaudlinMaenad,1
User,KeyDecision1,Retweeted by,User,RigoHC,1
User,KeyDecision1,Retweeted by,User,Shadumura,1
User,KeyDecision1,Retweeted by,User,SweetOSerenity,1
User,KeyDecision1,Retweeted by,User,TheBern420,1
User,KeyDecision1,Retweeted by,User,TheaTonOfeon,1
User,KeyDecision1,Retweeted by,User,VV4Change,1
User,KeyDecision1,Retweeted by,User,WinPropP,1
User,KeyDecision1,Retweeted by,User,adamakaufman,1
User,KeyDecision1,Retweeted by,User,bootyjudge_pete,1
User,KeyDecision1,Retweeted by,User,revolt777,1
User,KeyDecision1,Retweeted by,User,zeus19269,1
User,La_AfroLatinaSW,Retweeted by,User,Teddyshouse2II,1
User,Lagonda_Blogger,Retweeted by,User,Karinvdbosch,1
User,Lars9596,Retweeted by,User,Lars9596,1
User,LeftistRasta,Retweeted by,User,CarthyismsRad,1
User,LeftistRasta,Retweeted by,User,bastuny,1
User,LilithRainn,Retweeted by,User,PDXorax,1
User,Madd5265,Retweeted by,User,SteveForYang,1
User,Madd5265,Retweeted by,User,sophon_11m,1
User,MalarkeyMiner,Retweeted by,User,revolt777,1
User,Map4latte,Retweeted by,User,FaithtrustP,1
User,Map4latte,Retweeted by,User,INurse22,1
User,Map4latte,Retweeted by,User,NCremin,1
User,Map4latte,Retweeted by,User,RHinSarata,1
User,Map4latte,Retweeted by,User,chicaIunar,1
User,Map4latte,Retweeted by,User,erikwill,1
User,Map4latte,Retweeted by,User,ravelesm,1
User,Map4latte,Retweeted by,User,rentonMagaUK,1
User,Map4latte,Retweeted by,User,ver1tasaequ1tas,1
User,MariaGucci2,Retweeted by,User,907AlaskanFern,1
User,MariaGucci2,Retweeted by,User,AMKNIGHT007,1
User,MariaGucci2,Retweeted by,User,AnnabelleHawk2,1
User,MariaGucci2,Retweeted by,User,Bad_Aim_Band,1
User,MariaGucci2,Retweeted by,User,BillEagle1951,1
User,MariaGucci2,Retweeted by,User,BluRidge4Bernie,1
User,MariaGucci2,Retweeted by,User,Curiosa509,1
User,MariaGucci2,Retweeted by,User,Fredric_Ward,1
User,MariaGucci2,Retweeted by,User,Lesleyjass,1
User,MariaGucci2,Retweeted by,User,NickiMorris321,1
User,MariaGucci2,Retweeted by,User,OpenUp40,1
User,MariaGucci2,Retweeted by,User,PhilipM67375789,1
User,MariaGucci2,Retweeted by,User,Sarushi_BR,1
User,MariaGucci2,Retweeted by,User,TriciaHill7,1
User,MariaGucci2,Retweeted by,User,Weedyouneednews,1
User,MariaGucci2,Retweeted by,User,WildflowerSRQ,1
User,MariaGucci2,Retweeted by,User,WindyDane,1
User,MariaGucci2,Retweeted by,User,allyimposter,1
User,MariaGucci2,Retweeted by,User,downwithllc,1
User,MariaGucci2,Retweeted by,User,jennrichter,1
User,MariaGucci2,Retweeted by,User,jjm203,1
User,MariaGucci2,Retweeted by,User,kevinjbrauer,1
User,MariaGucci2,Retweeted by,User,littlebitirish,1
User,MariaGucci2,Retweeted by,User,masonisbigsexy,1
User,MariaGucci2,Retweeted by,User,meetnpatatas,1
User,MariaGucci2,Retweeted by,User,rentonMagaUK,1
User,MariaGucci2,Retweeted by,User,thereisonlypf,1
User,MariaGucci2,Retweeted by,User,tiatweetsit,1
User,MarkPettibone,Retweeted by,User,GeorgeSoniak,1
User,McBrungus,Retweeted by,User,CarthyismsRad,1
User,McBrungus,Retweeted by,User,Greataronski,1
User,McBrungus,Retweeted by,User,SebastosPublius,1
User,McBrungus,Retweeted by,User,fabianacecin,1
User,McBrungus,Retweeted by,User,laughingliberal,1
User,MedicSBK,Retweeted by,User,Valzn,1
User,Melanin_Mongrel,Retweeted by,User,Politicalasfuck,1
User,MisterHeart10,Retweeted by,User,MisterHeart10,1
User,MisterHeart10,Retweeted by,User,officialedkh,1
User,Mitza4u,Retweeted by,User,JustBrandee,1
User,Mokum_Misfit,Retweeted by,User,fpturner,1
User,Mokum_Misfit,Retweeted by,User,theoc2ps,1
User,Monogrammaton,Retweeted by,User,ButtDepression,1
User,MsTinkKalua,Retweeted by,User,RSmytheFreed,1
User,Octoberfleshed,Retweeted by,User,BenCapozzi,1
User,OsloBoston,Retweeted by,User,DervishianJohn,1
User,Oz4Bernie,Retweeted by,User,FishermanYooper,1
User,Oz4Bernie,Retweeted by,User,Jcotty_18,1
User,Oz4Bernie,Retweeted by,User,Mazzy_Q,1
User,Oz4Bernie,Retweeted by,User,justonepatriot,1
User,Oz4Bernie,Retweeted by,User,libertyryver,1
User,Oz4Bernie,Retweeted by,User,marc_shariat,1
User,Oz4Bernie,Retweeted by,User,mjloudmouth1,1
User,Oz4Bernie,Retweeted by,User,oh_tom_hogan,1
User,Oz4Bernie,Retweeted by,User,revolt777,1
User,Oz4Bernie,Retweeted by,User,rhondaathompson,1
User,Oz4Bernie,Retweeted by,User,trisha78874415,1
User,Oz4Bernie,Retweeted by,User,vox_politica,1
User,PDXorax,Retweeted by,User,Nerif20,1
User,PW_clashofclans,Retweeted by,User,spardagw,1
User,PhoneInSpace,Retweeted by,User,ArthurRudolph6,1
User,PieceDeReSister,Retweeted by,User,BluRidge4Bernie,1
User,PieceDeReSister,Retweeted by,User,vjonesphoto,1
User,PoliticalAnt,Retweeted by,User,TamelaEllis4,1
User,PoliticalAnt,Retweeted by,User,bernorjill,1
User,PoliticoCharlie,Retweeted by,User,Iommismom,1
User,PoliticoCharlie,Retweeted by,User,jonfasman,1
User,PoliticoCharlie,Retweeted by,User,nealkwatra,1
User,PoliticoCharlie,Retweeted by,User,thegarance,1
User,PrincePuggo,Retweeted by,User,LVanessa213,1
User,RHinSarata,Retweeted by,User,DennisSomers5,1
User,RabbiJill,Retweeted by,User,Arjuna3109,1
User,RabbiJill,Retweeted by,User,BBeshoar,1
User,RabbiJill,Retweeted by,User,BuzzEdition,1
User,RabbiJill,Retweeted by,User,David_L_London,1
User,RabbiJill,Retweeted by,User,DopplerToppler,1
User,RabbiJill,Retweeted by,User,EASAINT,1
User,RabbiJill,Retweeted by,User,EllieJay43,1
User,RabbiJill,Retweeted by,User,Finn_McCoo,1
User,RabbiJill,Retweeted by,User,GuinnessDog,1
User,RabbiJill,Retweeted by,User,HibbardTawny,1
User,RabbiJill,Retweeted by,User,HowardA_Esq,1
User,RabbiJill,Retweeted by,User,JChrisHodges1,1
User,RabbiJill,Retweeted by,User,JGHertzler,1
User,RabbiJill,Retweeted by,User,JeanieFisher18,1
User,RabbiJill,Retweeted by,User,Jeanne0256,1
User,RabbiJill,Retweeted by,User,Junie57092058,1
User,RabbiJill,Retweeted by,User,KimBledsoe14,1
User,RabbiJill,Retweeted by,User,LEISUREGODDESS,1
User,RabbiJill,Retweeted by,User,MSRegiGirl,1
User,RabbiJill,Retweeted by,User,QuareFellas,1
User,RabbiJill,Retweeted by,User,RussiaTrumpBot,1
User,RabbiJill,Retweeted by,User,StevenErick1976,1
User,RabbiJill,Retweeted by,User,TripwithBrit,1
User,RabbiJill,Retweeted by,User,bastuny,1
User,RabbiJill,Retweeted by,User,bluestatestuff,1
User,RabbiJill,Retweeted by,User,cindycNZ,1
User,RabbiJill,Retweeted by,User,clarisserod,1
User,RabbiJill,Retweeted by,User,deiustitiaadrem,1
User,RabbiJill,Retweeted by,User,dreamweaver1001,1
User,RabbiJill,Retweeted by,User,featherbeds,1
User,RabbiJill,Retweeted by,User,gypsyT730,1
User,RabbiJill,Retweeted by,User,hawkinscodems,1
User,RabbiJill,Retweeted by,User,kcall7570,1
User,RabbiJill,Retweeted by,User,larebil48,1
User,RabbiJill,Retweeted by,User,maryanne_rose,1
User,RabbiJill,Retweeted by,User,mhduff61,1
User,RabbiJill,Retweeted by,User,mjc383,1
User,RabbiJill,Retweeted by,User,mycatsmom99,1
User,RabbiJill,Retweeted by,User,powersofparsons,1
User,RabbiJill,Retweeted by,User,restorit2,1
User,RabbiJill,Retweeted by,User,royaldmd1,1
User,RabbiJill,Retweeted by,User,ruthellaowens,1
User,RabbiJill,Retweeted by,User,skyred1970,1
User,RabbiJill,Retweeted by,User,snowjobgal,1
User,RabbiJill,Retweeted by,User,swordshieldstan,1
User,RabbiJill,Retweeted by,User,tcthom277,1
User,RabbiJill,Retweeted by,User,terirenee219,1
User,RabbiJill,Retweeted by,User,tonyracefan,1
User,RabbiJill,Retweeted by,User,tracymcc0915,1
User,RabbiJill,Retweeted by,User,turtle4685,1
User,RabbiJill,Retweeted by,User,willosparrow,1
User,RabbiJill,Retweeted by,User,zetahutch,1
User,RachelRabbbit,Retweeted by,User,ErengwaM,1
User,RachelRabbbit,Retweeted by,User,SmallBiz4Trump,1
User,RandiBral,Retweeted by,User,TractionGaining,1
User,RaybouldJohn,Retweeted by,User,GeorgeSoniak,1
User,RealKimmyPach,Retweeted by,User,ForWinters,1
User,RealKimmyPach,Retweeted by,User,PDXorax,1
User,RealKimmyPach,Retweeted by,User,RealKimmyPach,1
User,RealLonestarTX,Retweeted by,User,rachel_barragan,1
User,RealSaavedra,Retweeted by,User,17GEN4,1
User,RealSaavedra,Retweeted by,User,1eskyman,1
User,RealSaavedra,Retweeted by,User,Anlopezbo,1
User,RealSaavedra,Retweeted by,User,BlackPatriotQ17,1
User,RealSaavedra,Retweeted by,User,CaroL007_,1
User,RealSaavedra,Retweeted by,User,CuomoWatch,1
User,RealSaavedra,Retweeted by,User,DebsDiaries,1
User,RealSaavedra,Retweeted by,User,DennisSomers5,1
User,RealSaavedra,Retweeted by,User,JMotley9,1
User,RealSaavedra,Retweeted by,User,Jess5994,1
User,RealSaavedra,Retweeted by,User,Luis23155502,1
User,RealSaavedra,Retweeted by,User,MILTONESPINOZAF,1
User,RealSaavedra,Retweeted by,User,Mazzy_Q,1
User,RealSaavedra,Retweeted by,User,Metalworks4,1
User,RealSaavedra,Retweeted by,User,MichaelinMI,1
User,RealSaavedra,Retweeted by,User,MiddleClazzMom,1
User,RealSaavedra,Retweeted by,User,MuffinAndElliot,1
User,RealSaavedra,Retweeted by,User,OldSaukRiver,1
User,RealSaavedra,Retweeted by,User,ShamelessKlutz,1
User,RealSaavedra,Retweeted by,User,TheJamesRossi,1
User,RealSaavedra,Retweeted by,User,cfmbetricky2,1
User,RealSaavedra,Retweeted by,User,dmcparson,1
User,RealSaavedra,Retweeted by,User,eastendlights2,1
User,RealSaavedra,Retweeted by,User,gladys_p8,1
User,RealSaavedra,Retweeted by,User,jlusrey,1
User,RealSaavedra,Retweeted by,User,jtfpeterson,1
User,RealSaavedra,Retweeted by,User,openskies7,1
User,RealSaavedra,Retweeted by,User,owlwoman911_,1
User,RealSaavedra,Retweeted by,User,pepesgrandma,1
User,RealSaavedra,Retweeted by,User,polirealm,1
User,RealSaavedra,Retweeted by,User,rebeccaanne3,1
User,RealSaavedra,Retweeted by,User,rentonMagaUK,1
User,RealSaavedra,Retweeted by,User,tonafaulds,1
User,RealSaavedra,Retweeted by,User,trustin_truth,1
User,RealSaavedra,Retweeted by,User,up_viking,1
User,RealSaavedra,Retweeted by,User,vox_politica,1
User,RealSlimEsq,Retweeted by,User,InAbsentia9,2
User,RealSlimEsq,Retweeted by,User,Rocket54441,1
User,RealSlimEsq,Retweeted by,User,SparkleLeeMarie,1
User,RealSlimEsq,Retweeted by,User,grtspider,1
User,RealSlimEsq,Retweeted by,User,kagusa88022,1
User,RedBeretsM4All,Retweeted by,User,VV4Change,1
User,RedBeretsM4All,Retweeted by,User,yitsgrayoutside,1
User,RedTieRonnie,Retweeted by,User,LarrauryJocelyn,2
User,Ricalloo,Retweeted by,User,BluRidge4Bernie,1
User,Rinseless1,Retweeted by,User,PDXorax,1
User,RoxanneA,Retweeted by,User,revolt777,1
User,RustingInPieces,Retweeted by,User,FishermanYooper,1
User,RustingInPieces,Retweeted by,User,PDXorax,1
User,RustingInPieces,Retweeted by,User,PW_clashofclans,1
User,RustingInPieces,Retweeted by,User,R3d_Horse,1
User,RustingInPieces,Retweeted by,User,mjloudmouth1,1
User,RustingInPieces,Retweeted by,User,shoguns_shotgun,1
User,SAF_BERNIE2020,Retweeted by,User,HThurs,1
User,SAF_BERNIE2020,Retweeted by,User,jennasky38377,1
User,SAF_BERNIE2020,Retweeted by,User,revolt777,1
User,SAF_BERNIE2020,Retweeted by,User,simongloom,1
User,SHEPMJS,Retweeted by,User,DRicebowl,1
User,SWarrior204,Retweeted by,User,BillHog15360397,1
User,SWarrior204,Retweeted by,User,DebsDiaries,1
User,SWarrior204,Retweeted by,User,FrostlichTheDK,1
User,SWarrior204,Retweeted by,User,GeorgeSoniak,1
User,SWarrior204,Retweeted by,User,Gerardini21,1
User,SWarrior204,Retweeted by,User,HThurs,2
User,SWarrior204,Retweeted by,User,bernorjill,1
User,SWarrior204,Retweeted by,User,ellendeubner,1
User,SWarrior204,Retweeted by,User,jennasky38377,1
User,SWarrior204,Retweeted by,User,o_J4D3N_o,1
User,SaintPesticide,Retweeted by,User,Fredric_Ward,1
User,SaintPesticide,Retweeted by,User,RealCyrilO,1
User,SamLesi,Retweeted by,User,GeorgeSoniak,1
User,SamLesi,Retweeted by,User,be_realie,1
User,SantaMonica403,Retweeted by,User,theoc2ps,1
User,SeaSparks21,Retweeted by,User,ishtarmuz,1
User,Senpai_316,Retweeted by,User,IKantEvenToday,1
User,Senpai_316,Retweeted by,User,LeninSidious,1
User,SethForBernie,Retweeted by,User,GreenNewDeal_EU,1
User,SiddakAhuja,Retweeted by,User,AnnabelleHawk2,1
User,SiddakAhuja,Retweeted by,User,BatavusB,1
User,SiddakAhuja,Retweeted by,User,CGlerking,1
User,SiddakAhuja,Retweeted by,User,CalebDHacker,1
User,SiddakAhuja,Retweeted by,User,CheekyCheekgmin,1
User,SiddakAhuja,Retweeted by,User,CubeDomination,1
User,SiddakAhuja,Retweeted by,User,DHajjari,1
User,SiddakAhuja,Retweeted by,User,ElvisIGuess,1
User,SiddakAhuja,Retweeted by,User,IanGabrielDraws,1
User,SiddakAhuja,Retweeted by,User,InfiniteLegend,1
User,SiddakAhuja,Retweeted by,User,Invictus891,1
User,SiddakAhuja,Retweeted by,User,JLonzo88,1
User,SiddakAhuja,Retweeted by,User,JMotley9,1
User,SiddakAhuja,Retweeted by,User,Jcotty_18,1
User,SiddakAhuja,Retweeted by,User,JenicekValerie,1
User,SiddakAhuja,Retweeted by,User,MaggiequirkQ,1
User,SiddakAhuja,Retweeted by,User,MaudlinMaenad,1
User,SiddakAhuja,Retweeted by,User,NotTheJabroni,1
User,SiddakAhuja,Retweeted by,User,NowIsNeverHere,1
User,SiddakAhuja,Retweeted by,User,PDXorax,1
User,SiddakAhuja,Retweeted by,User,PostScarcityPal,1
User,SiddakAhuja,Retweeted by,User,R3d_Horse,1
User,SiddakAhuja,Retweeted by,User,RealEstateRyan1,1
User,SiddakAhuja,Retweeted by,User,Sarushi_BR,1
User,SiddakAhuja,Retweeted by,User,SebastosPublius,1
User,SiddakAhuja,Retweeted by,User,SeriouslySerio,1
User,SiddakAhuja,Retweeted by,User,Teresa_lynn71,1
User,SiddakAhuja,Retweeted by,User,TheDeckard,1
User,SiddakAhuja,Retweeted by,User,TheRealestEazy,1
User,SiddakAhuja,Retweeted by,User,Willymina3,1
User,SiddakAhuja,Retweeted by,User,_DataWolf19,1
User,SiddakAhuja,Retweeted by,User,gamerhausewife,1
User,SiddakAhuja,Retweeted by,User,hipgranny58,1
User,SiddakAhuja,Retweeted by,User,jivounshe,1
User,SiddakAhuja,Retweeted by,User,josephfra_,1
User,SiddakAhuja,Retweeted by,User,laurenannmarie2,1
User,SiddakAhuja,Retweeted by,User,manilowese,1
User,SiddakAhuja,Retweeted by,User,marc_shariat,1
User,SiddakAhuja,Retweeted by,User,milibxnd,1
User,SiddakAhuja,Retweeted by,User,oh_tom_hogan,1
User,SiddakAhuja,Retweeted by,User,revolt777,1
User,SiddakAhuja,Retweeted by,User,shepersists2,1
User,Skatespeech,Retweeted by,User,theoc2ps,1
User,SlowNewsDayShow,Retweeted by,User,CommieAngel,1
User,SlowNewsDayShow,Retweeted by,User,GeorgeSoniak,1
User,SmallBiz4Trump,Retweeted by,User,MuffinAndElliot,1
User,SmallBiz4Trump,Retweeted by,User,rhondaathompson,1
User,Spitfire_2600,Retweeted by,User,IDIOTdella,1
User,StCasimir1,Retweeted by,User,TheObservr,1
User,St_Conklefuser,Retweeted by,User,AngryArab1,1
User,StellarBoor,Retweeted by,User,RealCyrilO,1
User,SteveSchmitz2,Retweeted by,User,LehmannBro,1
User,StllLit,Retweeted by,User,BillHog15360397,1
User,StllLit,Retweeted by,User,SWarrior204,1
User,SubZeroShirt,Retweeted by,User,DMAMA232323,1
User,SwayslandJordan,Retweeted by,User,2row,1
User,SwayslandJordan,Retweeted by,User,AedricOisin,1
User,SwayslandJordan,Retweeted by,User,Cuneoborn,1
User,SwayslandJordan,Retweeted by,User,DarkDrai,1
User,SwayslandJordan,Retweeted by,User,DuLez70,1
User,SwayslandJordan,Retweeted by,User,GayJessegirl,1
User,SwayslandJordan,Retweeted by,User,Hamigakiwanwan,1
User,SwayslandJordan,Retweeted by,User,HungryNinjaBear,1
User,SwayslandJordan,Retweeted by,User,IsotopeC14,1
User,SwayslandJordan,Retweeted by,User,KateBlake5,1
User,SwayslandJordan,Retweeted by,User,MapoTofuAddict,1
User,SwayslandJordan,Retweeted by,User,PDXorax,1
User,SwayslandJordan,Retweeted by,User,ScottPossumTN,1
User,SwayslandJordan,Retweeted by,User,TheMominatrixx,1
User,SwayslandJordan,Retweeted by,User,TriciaHill7,1
User,SwayslandJordan,Retweeted by,User,WES_is_MORE_,1
User,SwayslandJordan,Retweeted by,User,ach3ron,1
User,SwayslandJordan,Retweeted by,User,be_elzabozo,1
User,SwayslandJordan,Retweeted by,User,bootyspankinn,1
User,SwayslandJordan,Retweeted by,User,cmagicj14,1
User,SwayslandJordan,Retweeted by,User,debaptiste_john,1
User,SwayslandJordan,Retweeted by,User,geegeeloch,1
User,SwayslandJordan,Retweeted by,User,jeantado,1
User,SwayslandJordan,Retweeted by,User,kevinjbrauer,1
User,SwayslandJordan,Retweeted by,User,kingoftheD414,1
User,SwayslandJordan,Retweeted by,User,lupo4cl2,1
User,SwayslandJordan,Retweeted by,User,markthema3,1
User,SwayslandJordan,Retweeted by,User,mattmichler,1
User,SwayslandJordan,Retweeted by,User,polirealm,1
User,SwayslandJordan,Retweeted by,User,rebeccafiercexo,1
User,SwayslandJordan,Retweeted by,User,richshultz,1
User,SwayslandJordan,Retweeted by,User,sean_loki19,1
User,SwayslandJordan,Retweeted by,User,senor_sick,1
User,SwayslandJordan,Retweeted by,User,thelifeofbf,1
User,THELAGSISHERE,Retweeted by,User,ThisIsMarlena,1
User,TNMSupporter,Retweeted by,User,TheAwkwardGOP,1
User,Taylor__Johnny,Retweeted by,User,GeorgeSoniak,1
User,Taylor__Johnny,Retweeted by,User,HThurs,1
User,TedLuCA33,Retweeted by,User,BigBertieT,1
User,TedLuCA33,Retweeted by,User,NYer4Trump,1
User,Tesla92367686,Retweeted by,User,jonrocks69,1
User,Thanks4Watching,Retweeted by,User,AngryVoters,1
User,Thanks4Watching,Retweeted by,User,BuckAdam69,1
User,Thanks4Watching,Retweeted by,User,Davinhi11,1
User,Thanks4Watching,Retweeted by,User,INurse22,1
User,Thanks4Watching,Retweeted by,User,KalimatKate,1
User,Thanks4Watching,Retweeted by,User,PramillaSMalick,1
User,Thanks4Watching,Retweeted by,User,SlemPike1,1
User,Thanks4Watching,Retweeted by,User,Staley1,1
User,Thanks4Watching,Retweeted by,User,TrumpVoterSlayr,1
User,Thanks4Watching,Retweeted by,User,chris34252462,1
User,Thanks4Watching,Retweeted by,User,empresshila,1
User,Thanks4Watching,Retweeted by,User,jennasky38377,1
User,Thanks4Watching,Retweeted by,User,ravelesm,1
User,TheGOPsReprisal,Retweeted by,User,Jstone119Sandra,1
User,TheIDSmiths,Retweeted by,User,12Raymond22,1
User,TheIDSmiths,Retweeted by,User,Quittershit,1
User,TheIDSmiths,Retweeted by,User,Rodfather73,1
User,TheIDSmiths,Retweeted by,User,Topisue56,1
User,TheIDSmiths,Retweeted by,User,bingobabymusic,1
User,TheIDSmiths,Retweeted by,User,gunnergee,1
User,TheMartinRoss,Retweeted by,User,BillHog15360397,1
User,TheNewThinkerr,Retweeted by,User,CarthyismsRad,2
User,TheSolarSpirit,Retweeted by,User,GeorgeSoniak,1
User,TheStuffOfMemes,Retweeted by,User,BillHog15360397,1
User,TheTandemRun,Retweeted by,User,HThurs,1
User,TheTandemRun,Retweeted by,User,revolt777,1
User,ThiaBallerina,Retweeted by,User,AedricOisin,1
User,ThiaBallerina,Retweeted by,User,AnnabelleHawk2,1
User,ThiaBallerina,Retweeted by,User,BluRidge4Bernie,1
User,ThiaBallerina,Retweeted by,User,IsotopeC14,1
User,ThiaBallerina,Retweeted by,User,KeelingCurve_9,1
User,ThiaBallerina,Retweeted by,User,Maksimiljian,1
User,ThiaBallerina,Retweeted by,User,PDXorax,1
User,ThiaBallerina,Retweeted by,User,SebastosPublius,1
User,ThiaBallerina,Retweeted by,User,Skankyhunt,1
User,ThiaBallerina,Retweeted by,User,StatelessMan18,1
User,ThiaBallerina,Retweeted by,User,be_elzabozo,1
User,ThiaBallerina,Retweeted by,User,debaptiste_john,1
User,ThiaBallerina,Retweeted by,User,kingoftheD414,1
User,ThiaBallerina,Retweeted by,User,maurobotomy,1
User,ThiaBallerina,Retweeted by,User,melodijoy,1
User,ThiaBallerina,Retweeted by,User,ravelesm,1
User,ThiaBallerina,Retweeted by,User,roderickburrell,1
User,ThiaBallerina,Retweeted by,User,ruthellaowens,1
User,ThiaBallerina,Retweeted by,User,scotty2971,1
User,ThinklyShop,Retweeted by,User,ALeftoverture,1
User,ThinklyShop,Retweeted by,User,Alscool1,1
User,ThinklyShop,Retweeted by,User,BluRidge4Bernie,1
User,ThinklyShop,Retweeted by,User,DennisSomers5,1
User,ThinklyShop,Retweeted by,User,K810Mt,1
User,ThinklyShop,Retweeted by,User,jennasky38377,1
User,ThinklyShop,Retweeted by,User,jude_lanotta,1
User,ThinklyShop,Retweeted by,User,meetnpatatas,1
User,ThinklyShop,Retweeted by,User,theGuruWithin,1
User,ToastyMcStrudel,Retweeted by,User,jamestrumpster1,1
User,TonyaSkinny,Retweeted by,User,DirteeTrump,1
User,TravisMarks19,Retweeted by,User,ClickThatFollow,1
User,TravisMarks19,Retweeted by,User,PDXorax,1
User,TrumpVoterSlayr,Retweeted by,User,MikeJoh81830484,1
User,TrumpVoterSlayr,Retweeted by,User,revolt777,1
User,TwinklingTania,Retweeted by,User,AmyJeanKenna5,1
User,TwinklingTania,Retweeted by,User,AnnabelleHawk2,1
User,TwinklingTania,Retweeted by,User,ArielleCurtin,1
User,TwinklingTania,Retweeted by,User,AstronomyClaire,1
User,TwinklingTania,Retweeted by,User,BatavusB,1
User,TwinklingTania,Retweeted by,User,DanielxXxGarcia,1
User,TwinklingTania,Retweeted by,User,JMotley9,1
User,TwinklingTania,Retweeted by,User,Kayrosis,1
User,TwinklingTania,Retweeted by,User,KeelingCurve_9,1
User,TwinklingTania,Retweeted by,User,R3d_Horse,1
User,TwinklingTania,Retweeted by,User,RueBarb_,1
User,TwinklingTania,Retweeted by,User,SaneAutomation,1
User,TwinklingTania,Retweeted by,User,Sarushi_BR,1
User,TwinklingTania,Retweeted by,User,SebastosPublius,1
User,TwinklingTania,Retweeted by,User,StatelessMan18,1
User,TwinklingTania,Retweeted by,User,ThisMicah,1
User,TwinklingTania,Retweeted by,User,TimForPeace,1
User,TwinklingTania,Retweeted by,User,TrumpetingTrump,1
User,TwinklingTania,Retweeted by,User,chris34252462,1
User,TwinklingTania,Retweeted by,User,gamerhausewife,1
User,TwinklingTania,Retweeted by,User,gregtobacco,1
User,TwinklingTania,Retweeted by,User,klefling,1
User,TwinklingTania,Retweeted by,User,legitgov,1
User,TwinklingTania,Retweeted by,User,liamtoomster,1
User,TwinklingTania,Retweeted by,User,marc_shariat,1
User,TwinklingTania,Retweeted by,User,mfosb,1
User,TwinklingTania,Retweeted by,User,minimum_waste,1
User,TwinklingTania,Retweeted by,User,ptown19er,1
User,TwinklingTania,Retweeted by,User,wreck_writer,1
User,TyrenePamstein,Retweeted by,User,BlackSheepRVL,1
User,TyrenePamstein,Retweeted by,User,Infp_Ace,1
User,TyrenePamstein,Retweeted by,User,PDXorax,2
User,TyrenePamstein,Retweeted by,User,Skankyhunt,1
User,TyrenePamstein,Retweeted by,User,Stonehawk,1
User,USUHNAME,Retweeted by,User,dianeraucher,1
User,USUHNAME,Retweeted by,User,reallyDonB,1
User,UptownGrl78,Retweeted by,User,VTR1Mom3,1
User,VV4Change,Retweeted by,User,EuroYankeeBlog,1
User,WHATOUTFITS,Retweeted by,User,ilikefinemusic,1
User,WWG_1WGA_,Retweeted by,User,ThehulaG,1
User,WWG_1WGA_,Retweeted by,User,rentonMagaUK,1
User,WestCoastGadfly,Retweeted by,User,TriciaHill7,1
User,WilOliver4Life,Retweeted by,User,HThurs,1
User,WilOliver4Life,Retweeted by,User,be_realie,1
User,WilOliver4Life,Retweeted by,User,natanael_zc,1
User,WilOliver4Life,Retweeted by,User,o_J4D3N_o,1
User,WilkWilkerson,Retweeted by,User,wood_brwood333,1
User,WinPropP,Retweeted by,User,bernorjill,1
User,YellaMiniCooper,Retweeted by,User,bucketofloosers,1
User,YoSoyElMonsenor,Retweeted by,User,PopulistaCruz,1
User,Zebop,Retweeted by,User,Die__Trying_,1
User,ZeldaFan180,Retweeted by,User,BJWahlstrom,1
User,ZeldaFan180,Retweeted by,User,BeTheChange800,1
User,ZeldaFan180,Retweeted by,User,BrickONeil,1
User,ZeldaFan180,Retweeted by,User,EnjoyCinci,1
User,ZeldaFan180,Retweeted by,User,MariaBoss18,2
User,ZeldaFan180,Retweeted by,User,QuareFellas,2
User,ZeldaFan180,Retweeted by,User,TheMominatrixx,1
User,ZeldaFan180,Retweeted by,User,dennisaoconnor,1
User,ZeldaFan180,Retweeted by,User,eimzcaomhanach,1
User,ZeldaFan180,Retweeted by,User,norwegian76,1
User,ZeldaFan180,Retweeted by,User,sjmn777,1
User,_AdamColeman_,Retweeted by,User,ofigh,1
User,_AshLake_,Retweeted by,User,CarthyismsRad,1
User,_AshLake_,Retweeted by,User,mjloudmouth1,1
User,_EarnieBanks,Retweeted by,User,BillHog15360397,1
User,_EarnieBanks,Retweeted by,User,IanGabrielDraws,1
User,_EarnieBanks,Retweeted by,User,JonathWebst,1
User,_belle_curve_,Retweeted by,User,theoc2ps,1
User,aidanwould,Retweeted by,User,ArthurRudolph6,1
User,aidanwould,Retweeted by,User,Jamie86123231,1
User,allhangtogether,Retweeted by,User,jiong0,1
User,ambwatt,Retweeted by,User,nick75202282,1
User,amyverlaine,Retweeted by,User,IsotopeC14,1
User,antonharlow1,Retweeted by,User,drcaban,1
User,apetersen219,Retweeted by,User,MaryJGarciaKin2,1
User,apetersen219,Retweeted by,User,Stacy30824469,1
User,apetersen219,Retweeted by,User,Valzn,1
User,appuntito160,Retweeted by,User,eat_rico,1
User,aria_ahrary,Retweeted by,User,EricUhm,1
User,bablobiggins,Retweeted by,User,BuckAdam69,1
User,bablobiggins,Retweeted by,User,thenorwegian76,1
User,bchapman151,Retweeted by,User,covfefeshadila,1
User,bobokkin,Retweeted by,User,Brianarbour420,1
User,bobokkin,Retweeted by,User,CarthyismsRad,1
User,bobokkin,Retweeted by,User,zazahan1,1
User,boldgond,Retweeted by,User,BluRidge4Bernie,1
User,bouncejuggle1,Retweeted by,User,Nunyazbiz,1
User,bouncejuggle1,Retweeted by,User,oddgirlin,1
User,brentwalton87,Retweeted by,User,CarthyismsRad,1
User,brentwalton87,Retweeted by,User,JMotley9,1
User,brentwalton87,Retweeted by,User,KateBlake5,1
User,brentwalton87,Retweeted by,User,MaudlinMaenad,1
User,brentwalton87,Retweeted by,User,R3d_Horse,1
User,brentwalton87,Retweeted by,User,Skankyhunt,1
User,brentwalton87,Retweeted by,User,zazahan1,1
User,brooks_cubed,Retweeted by,User,HThurs,1
User,brooks_cubed,Retweeted by,User,R3d_Horse,1
User,brooks_cubed,Retweeted by,User,brooks_cubed,1
User,brooks_cubed,Retweeted by,User,rockriver_,1
User,carmellotruffle,Retweeted by,User,MoreWhit,1
User,caseyfoster624,Retweeted by,User,FrostlichTheDK,2
User,caseyfoster624,Retweeted by,User,GeorgeSoniak,1
User,caseyfoster624,Retweeted by,User,bucketofloosers,1
User,caseyfoster624,Retweeted by,User,jennasky38377,1
User,catturd2,Retweeted by,User,3stangtyry,1
User,catturd2,Retweeted by,User,AHalcali,1
User,catturd2,Retweeted by,User,AppleReality,1
User,catturd2,Retweeted by,User,AxylosPAF,1
User,catturd2,Retweeted by,User,Badbobby41,1
User,catturd2,Retweeted by,User,BellaLunaBotana,1
User,catturd2,Retweeted by,User,Beyond_Fed_Up,1
User,catturd2,Retweeted by,User,BlackPatriotQ17,1
User,catturd2,Retweeted by,User,Blakdragonheart,1
User,catturd2,Retweeted by,User,BoriquaGoddess,1
User,catturd2,Retweeted by,User,BrociousDwight,1
User,catturd2,Retweeted by,User,CRZYRedHead2018,1
User,catturd2,Retweeted by,User,Chrissttiiee,1
User,catturd2,Retweeted by,User,DanaMil70590816,1
User,catturd2,Retweeted by,User,DemiWuforTrump,1
User,catturd2,Retweeted by,User,DeplorableDon1,1
User,catturd2,Retweeted by,User,Epahlee,1
User,catturd2,Retweeted by,User,FavAuntTess,1
User,catturd2,Retweeted by,User,FollowQanon,1
User,catturd2,Retweeted by,User,GAtTheC,1
User,catturd2,Retweeted by,User,JOnemoretry,1
User,catturd2,Retweeted by,User,Jmilkorepub,1
User,catturd2,Retweeted by,User,JohnKee38823338,1
User,catturd2,Retweeted by,User,JustLOVEMyPotus,1
User,catturd2,Retweeted by,User,KarrioW69,1
User,catturd2,Retweeted by,User,KennethSebasta,1
User,catturd2,Retweeted by,User,LeslieAWhite,1
User,catturd2,Retweeted by,User,LisaTow17296966,1
User,catturd2,Retweeted by,User,LisleJoyeux,1
User,catturd2,Retweeted by,User,LoriBlaney,1
User,catturd2,Retweeted by,User,Lydiadai072,1
User,catturd2,Retweeted by,User,LynnChance7,1
User,catturd2,Retweeted by,User,MIAcalaEng,1
User,catturd2,Retweeted by,User,MariaTo43051762,1
User,catturd2,Retweeted by,User,Matthew010914,1
User,catturd2,Retweeted by,User,MccormicReal,1
User,catturd2,Retweeted by,User,MeemzerTrudy,1
User,catturd2,Retweeted by,User,MichelleInMD,1
User,catturd2,Retweeted by,User,MomNobl,1
User,catturd2,Retweeted by,User,MozziesMom,1
User,catturd2,Retweeted by,User,New_Nightmare,1
User,catturd2,Retweeted by,User,OldielocksNmo4,1
User,catturd2,Retweeted by,User,PaDznynut,1
User,catturd2,Retweeted by,User,ReechKeesh,1
User,catturd2,Retweeted by,User,RicardoAdams,1
User,catturd2,Retweeted by,User,RobBailyRoc,1
User,catturd2,Retweeted by,User,Rose26572157,1
User,catturd2,Retweeted by,User,Salsuginis,1
User,catturd2,Retweeted by,User,SassyRogue22,1
User,catturd2,Retweeted by,User,Squirrel275,1
User,catturd2,Retweeted by,User,T69203198,1
User,catturd2,Retweeted by,User,TIGGERR00,1
User,catturd2,Retweeted by,User,TexasCruiser,1
User,catturd2,Retweeted by,User,TheSocialPlan_,1
User,catturd2,Retweeted by,User,ToboggansRumHam,1
User,catturd2,Retweeted by,User,Virgini25568889,1
User,catturd2,Retweeted by,User,Vivangel999,1
User,catturd2,Retweeted by,User,Warriors4US2020,1
User,catturd2,Retweeted by,User,assilem4791,1
User,catturd2,Retweeted by,User,barbzy1,1
User,catturd2,Retweeted by,User,berning_the,1
User,catturd2,Retweeted by,User,biscotti2471,1
User,catturd2,Retweeted by,User,connie2589,1
User,catturd2,Retweeted by,User,crachunek,1
User,catturd2,Retweeted by,User,derrick_houska,1
User,catturd2,Retweeted by,User,doubleyouj,1
User,catturd2,Retweeted by,User,emilygirl3,1
User,catturd2,Retweeted by,User,falsally,1
User,catturd2,Retweeted by,User,fluck_gloria,1
User,catturd2,Retweeted by,User,growingaway,1
User,catturd2,Retweeted by,User,intodeep61,1
User,catturd2,Retweeted by,User,mainer_kate,1
User,catturd2,Retweeted by,User,mgillaspie,1
User,catturd2,Retweeted by,User,midgets_levil,1
User,catturd2,Retweeted by,User,misters0et30,1
User,catturd2,Retweeted by,User,mpo4288,1
User,catturd2,Retweeted by,User,paulasul1414,1
User,catturd2,Retweeted by,User,philpott_vickie,1
User,catturd2,Retweeted by,User,rentonMagaUK,1
User,catturd2,Retweeted by,User,rratkinson,1
User,catturd2,Retweeted by,User,sapmcdowell,1
User,catturd2,Retweeted by,User,schul47,1
User,catturd2,Retweeted by,User,toombstone,1
User,catturd2,Retweeted by,User,trocbe,1
User,catturd2,Retweeted by,User,unscriptedmike,1
User,catturd2,Retweeted by,User,viking_curse,1
User,chikeokjr24,Retweeted by,User,rebeccafiercexo,1
User,chrisblock_wop,Retweeted by,User,Jcotty_18,1
User,comradejmac,Retweeted by,User,frogetteca,1
User,corrcomm,Retweeted by,User,revolt777,1
User,crysta11ized,Retweeted by,User,angelas2ndacct,1
User,crysta11ized,Retweeted by,User,bernorjill,1
User,delmoi,Retweeted by,User,AnonymousSwizz,2
User,delmoi,Retweeted by,User,BeneathHerGaze,1
User,delmoi,Retweeted by,User,FisherBurton,1
User,delmoi,Retweeted by,User,RealTrevorReese,1
User,delmoi,Retweeted by,User,legant66,1
User,delmoi,Retweeted by,User,theGuruWithin,2
User,dexterbeagle3,Retweeted by,User,TrumpVoterSlayr,1
User,dexterbeagle3,Retweeted by,User,mgamblex,1
User,dexterbeagle3,Retweeted by,User,reneeannxyz,1
User,distrumption,Retweeted by,User,AdamsAppleAnnie,1
User,distrumption,Retweeted by,User,AgoyaWear,1
User,distrumption,Retweeted by,User,JaimyFox,1
User,distrumption,Retweeted by,User,MontriOC,1
User,distrumption,Retweeted by,User,SmallBiz4Trump,1
User,distrumption,Retweeted by,User,VotingRed1,1
User,distrumption,Retweeted by,User,connnutmeg,1
User,distrumption,Retweeted by,User,mano_da_bounce,1
User,distrumption,Retweeted by,User,revolt777,1
User,distrumption,Retweeted by,User,spardagw,1
User,dream_in_static,Retweeted by,User,99KristinLee,1
User,dream_in_static,Retweeted by,User,AedricOisin,1
User,dream_in_static,Retweeted by,User,AnnabelleHawk2,1
User,dream_in_static,Retweeted by,User,ArthurRudolph6,1
User,dream_in_static,Retweeted by,User,BJW322,1
User,dream_in_static,Retweeted by,User,BatavusB,1
User,dream_in_static,Retweeted by,User,DSamurai700Club,1
User,dream_in_static,Retweeted by,User,DanielxXxGarcia,1
User,dream_in_static,Retweeted by,User,DebsDiaries,1
User,dream_in_static,Retweeted by,User,FrostlichTheDK,1
User,dream_in_static,Retweeted by,User,GabrielArcari2,1
User,dream_in_static,Retweeted by,User,GayJessegirl,1
User,dream_in_static,Retweeted by,User,IWANT2NO,1
User,dream_in_static,Retweeted by,User,KateBlake5,1
User,dream_in_static,Retweeted by,User,Knowmium,1
User,dream_in_static,Retweeted by,User,MaudlinMaenad,1
User,dream_in_static,Retweeted by,User,MehdiSy13649301,1
User,dream_in_static,Retweeted by,User,NathanielKFoley,1
User,dream_in_static,Retweeted by,User,Nunyazbiz,1
User,dream_in_static,Retweeted by,User,PDXorax,1
User,dream_in_static,Retweeted by,User,PaulSorrentino3,1
User,dream_in_static,Retweeted by,User,RMpodol,1
User,dream_in_static,Retweeted by,User,SHill333,1
User,dream_in_static,Retweeted by,User,Sadity_FineAss,1
User,dream_in_static,Retweeted by,User,SouthernGal918,1
User,dream_in_static,Retweeted by,User,TIGGERR00,1
User,dream_in_static,Retweeted by,User,Teacher92379034,1
User,dream_in_static,Retweeted by,User,TenoverDenise,1
User,dream_in_static,Retweeted by,User,TriciaHill7,1
User,dream_in_static,Retweeted by,User,Whathefuckeryka,1
User,dream_in_static,Retweeted by,User,agentbar,1
User,dream_in_static,Retweeted by,User,annarogers505,1
User,dream_in_static,Retweeted by,User,bootyspankinn,1
User,dream_in_static,Retweeted by,User,dbonaire2017,1
User,dream_in_static,Retweeted by,User,dc1574,1
User,dream_in_static,Retweeted by,User,debaptiste_john,1
User,dream_in_static,Retweeted by,User,dime85sg,1
User,dream_in_static,Retweeted by,User,drkwarlord,1
User,dream_in_static,Retweeted by,User,gregtobacco,1
User,dream_in_static,Retweeted by,User,jeantado,1
User,dream_in_static,Retweeted by,User,kevinjbrauer,1
User,dream_in_static,Retweeted by,User,klefling,1
User,dream_in_static,Retweeted by,User,lupo4cl2,1
User,dream_in_static,Retweeted by,User,marc_shariat,1
User,dream_in_static,Retweeted by,User,nada_lemming,1
User,dream_in_static,Retweeted by,User,prayforgeezy,1
User,dream_in_static,Retweeted by,User,rebeccaanne3,1
User,dream_in_static,Retweeted by,User,thelifeofbf,1
User,dream_in_static,Retweeted by,User,ulfredirelous,1
User,e1ectroma,Retweeted by,User,mjloudmouth1,1
User,e_Mike_Robinson,Retweeted by,User,jamestrumpster1,2
User,followblanca,Retweeted by,User,PIStaker20,1
User,frakenfro,Retweeted by,User,revolt777,1
User,galaxybraintake,Retweeted by,User,CarthyismsRad,1
User,gies_stephen,Retweeted by,User,LondoMollari13,1
User,goblackcentral,Retweeted by,User,HThurs,1
User,guybenbrown,Retweeted by,User,ArthurRudolph6,1
User,guybenbrown,Retweeted by,User,PDXorax,1
User,hash_tigre,Retweeted by,User,MaxusX,1
User,iambobbymccoy,Retweeted by,User,AlannRyan,1
User,iambobbymccoy,Retweeted by,User,cruise_peter,1
User,iambobbymccoy,Retweeted by,User,jtfpeterson,1
User,iambobbymccoy,Retweeted by,User,laughingliberal,1
User,iambobbymccoy,Retweeted by,User,shoguns_shotgun,1
User,ingajj21,Retweeted by,User,UYang2020,1
User,ivotebernie2020,Retweeted by,User,kkion53,1
User,jackallisonLOL,Retweeted by,User,AnnabelleHawk2,1
User,jackallisonLOL,Retweeted by,User,ArielleCurtin,1
User,jackallisonLOL,Retweeted by,User,BlGCOCKENERGY,1
User,jackallisonLOL,Retweeted by,User,ChuffedChief,1
User,jackallisonLOL,Retweeted by,User,CrabSnack69,1
User,jackallisonLOL,Retweeted by,User,Enjoneer01,1
User,jackallisonLOL,Retweeted by,User,Hamigakiwanwan,1
User,jackallisonLOL,Retweeted by,User,HermSwieKrem,1
User,jackallisonLOL,Retweeted by,User,IanGabrielDraws,1
User,jackallisonLOL,Retweeted by,User,InfiniteLegend,1
User,jackallisonLOL,Retweeted by,User,IsotopeC14,1
User,jackallisonLOL,Retweeted by,User,JMotley9,1
User,jackallisonLOL,Retweeted by,User,KH4Bernie2020,1
User,jackallisonLOL,Retweeted by,User,KeelingCurve_9,1
User,jackallisonLOL,Retweeted by,User,KevioShowmann,1
User,jackallisonLOL,Retweeted by,User,Knowmium,1
User,jackallisonLOL,Retweeted by,User,MapoTofuAddict,1
User,jackallisonLOL,Retweeted by,User,MaudlinMaenad,1
User,jackallisonLOL,Retweeted by,User,MeyerMihaela,1
User,jackallisonLOL,Retweeted by,User,OfficialVINK,1
User,jackallisonLOL,Retweeted by,User,PaulSorrentino3,1
User,jackallisonLOL,Retweeted by,User,PostScarcityPal,1
User,jackallisonLOL,Retweeted by,User,PostingAtWork,1
User,jackallisonLOL,Retweeted by,User,R3d_Horse,1
User,jackallisonLOL,Retweeted by,User,RJ_Huneke,1
User,jackallisonLOL,Retweeted by,User,S_Padival,1
User,jackallisonLOL,Retweeted by,User,SandraofTarth,1
User,jackallisonLOL,Retweeted by,User,SmallBiz4Trump,1
User,jackallisonLOL,Retweeted by,User,Striped_Sponge,1
User,jackallisonLOL,Retweeted by,User,TIGGERR00,1
User,jackallisonLOL,Retweeted by,User,TonyaSkinny,1
User,jackallisonLOL,Retweeted by,User,TriciaHill7,1
User,jackallisonLOL,Retweeted by,User,Tsukiyamom,1
User,jackallisonLOL,Retweeted by,User,V_Chive,1
User,jackallisonLOL,Retweeted by,User,Woodshedder,1
User,jackallisonLOL,Retweeted by,User,YoBoyCadeCan,1
User,jackallisonLOL,Retweeted by,User,actualbeefheart,1
User,jackallisonLOL,Retweeted by,User,be_elzabozo,1
User,jackallisonLOL,Retweeted by,User,bobby990r_1,1
User,jackallisonLOL,Retweeted by,User,bootyspankinn,1
User,jackallisonLOL,Retweeted by,User,davidbohrnstedt,1
User,jackallisonLOL,Retweeted by,User,debaptiste_john,1
User,jackallisonLOL,Retweeted by,User,fanofroger1,1
User,jackallisonLOL,Retweeted by,User,followblanca,1
User,jackallisonLOL,Retweeted by,User,gamerhausewife,1
User,jackallisonLOL,Retweeted by,User,horowitzjb,1
User,jackallisonLOL,Retweeted by,User,jivounshe,1
User,jackallisonLOL,Retweeted by,User,justonepatriot,1
User,jackallisonLOL,Retweeted by,User,kaylee1011,1
User,jackallisonLOL,Retweeted by,User,kingoftheD414,1
User,jackallisonLOL,Retweeted by,User,kornmandiva01,1
User,jackallisonLOL,Retweeted by,User,mfosb,1
User,jackallisonLOL,Retweeted by,User,milibxnd,1
User,jackallisonLOL,Retweeted by,User,niederreiters,1
User,jackallisonLOL,Retweeted by,User,owlwoman911_,1
User,jackallisonLOL,Retweeted by,User,pigeontoedpanda,1
User,jackallisonLOL,Retweeted by,User,polirealm,1
User,jackallisonLOL,Retweeted by,User,rebeccafiercexo,1
User,jackallisonLOL,Retweeted by,User,rynecsnyder,1
User,jackallisonLOL,Retweeted by,User,slcansabbith,1
User,jackallisonLOL,Retweeted by,User,spencergiblin,1
User,jackallisonLOL,Retweeted by,User,steve15522,1
User,jackallisonLOL,Retweeted by,User,thelilpepino,1
User,jackallisonLOL,Retweeted by,User,tussa30000,1
User,jackallisonLOL,Retweeted by,User,vincentp1358,1
User,jackallisonLOL,Retweeted by,User,wldlingprincess,1
User,jamesmarie33,Retweeted by,User,AnnabelleHawk2,1
User,jamesmarie33,Retweeted by,User,DejoieKedel,1
User,jamesmarie33,Retweeted by,User,GeorgeSoniak,1
User,jamesmarie33,Retweeted by,User,KeelingCurve_9,1
User,jamesmarie33,Retweeted by,User,kevinjbrauer,1
User,jarmanPol,Retweeted by,User,FrostlichTheDK,1
User,jessijeancodes,Retweeted by,User,CarthyismsRad,1
User,jimbl0b,Retweeted by,User,jonrocks69,1
User,jinpaynus,Retweeted by,User,Skankyhunt,1
User,jjsnyder76,Retweeted by,User,AlannRyan,1
User,jjsnyder76,Retweeted by,User,Aquila96_,1
User,jjsnyder76,Retweeted by,User,Decima28936219,1
User,jjsnyder76,Retweeted by,User,DianaBardsley,1
User,jjsnyder76,Retweeted by,User,IDIOTdella,1
User,jjsnyder76,Retweeted by,User,JediMasterKaius,1
User,jjsnyder76,Retweeted by,User,OldSaukRiver,1
User,jjsnyder76,Retweeted by,User,PDXorax,1
User,jjsnyder76,Retweeted by,User,PeterNoTail,1
User,jjsnyder76,Retweeted by,User,Skankyhunt,1
User,jjsnyder76,Retweeted by,User,VACianci,1
User,jjsnyder76,Retweeted by,User,caseyfoster624,1
User,jjsnyder76,Retweeted by,User,laughingliberal,1
User,jjsnyder76,Retweeted by,User,meetnpatatas,1
User,jjsnyder76,Retweeted by,User,mjloudmouth1,1
User,jjsnyder76,Retweeted by,User,natasiakith,1
User,jjsnyder76,Retweeted by,User,roderickburrell,1
User,jjsnyder76,Retweeted by,User,rosegoggles,1
User,laughingliberal,Retweeted by,User,DianaBardsley,1
User,laughingliberal,Retweeted by,User,EuroYankeeBlog,1
User,laughingliberal,Retweeted by,User,PearlJolly,1
User,laughingliberal,Retweeted by,User,RickJWallace94,1
User,laughingliberal,Retweeted by,User,StCasimir1,1
User,laughingliberal,Retweeted by,User,VV4Change,1
User,laughingliberal,Retweeted by,User,berniewins2020,1
User,laughingliberal,Retweeted by,User,bernorjill,1
User,laughingliberal,Retweeted by,User,groovsindaheart,1
User,laughingliberal,Retweeted by,User,kayg23451,1
User,laughingliberal,Retweeted by,User,marc_shariat,1
User,laughingliberal,Retweeted by,User,robinlynngood,1
User,laughingliberal,Retweeted by,User,rosegoggles,1
User,laughingliberal,Retweeted by,User,theGuruWithin,2
User,laughingliberal,Retweeted by,User,woot66,1
User,leaflee11,Retweeted by,User,MysteryHuntNews,1
User,leftyaaron,Retweeted by,User,BluRidge4Bernie,1
User,lil_gimpy,Retweeted by,User,CarthyismsRad,1
User,lil_gimpy,Retweeted by,User,PDXorax,1
User,lisapease,Retweeted by,User,CarthyismsRad,1
User,lisapease,Retweeted by,User,marc_shariat,1
User,lnteGritty,Retweeted by,User,DylanSmits1,1
User,lnteGritty,Retweeted by,User,LVanessa213,1
User,lnteGritty,Retweeted by,User,RHinSarata,1
User,lnteGritty,Retweeted by,User,TIGGERR00,1
User,lnteGritty,Retweeted by,User,WarOnWarOff,2
User,lnteGritty,Retweeted by,User,WindyDane,1
User,lnteGritty,Retweeted by,User,banzai9,1
User,lnteGritty,Retweeted by,User,bernorjill,2
User,lnteGritty,Retweeted by,User,jennasky38377,1
User,lnteGritty,Retweeted by,User,revolt777,1
User,lnteGritty,Retweeted by,User,senor_sick,1
User,lnteGritty,Retweeted by,User,shoguns_shotgun,1
User,lnteGritty,Retweeted by,User,ssstto,1
User,lrnicc,Retweeted by,User,AlannRyan,1
User,lrnicc,Retweeted by,User,SebastosPublius,1
User,lrnicc,Retweeted by,User,laughingliberal,1
User,lukejameslarson,Retweeted by,User,ArielleCurtin,1
User,lukejameslarson,Retweeted by,User,BenjaminMaro,1
User,luxeprogressive,Retweeted by,User,polirealm,1
User,m3hr,Retweeted by,User,R3d_Horse,1
User,megslay27,Retweeted by,User,025_Ajax,1
User,megslay27,Retweeted by,User,ADAMCENTO,1
User,megslay27,Retweeted by,User,AeldariMark,1
User,megslay27,Retweeted by,User,Ahryn_Butt,1
User,megslay27,Retweeted by,User,AndyPSchwiebert,1
User,megslay27,Retweeted by,User,AnnabelleHawk2,1
User,megslay27,Retweeted by,User,ArielleCurtin,1
User,megslay27,Retweeted by,User,AtlasFreeRadio,1
User,megslay27,Retweeted by,User,Bad_Aim_Band,1
User,megslay27,Retweeted by,User,BellaLunaBotana,1
User,megslay27,Retweeted by,User,BradleyRBloom,1
User,megslay27,Retweeted by,User,CGlerking,1
User,megslay27,Retweeted by,User,CarthyismsRad,1
User,megslay27,Retweeted by,User,CharlieSte98,1
User,megslay27,Retweeted by,User,Chettlar,1
User,megslay27,Retweeted by,User,DHajjari,1
User,megslay27,Retweeted by,User,DemigirlDemigod,1
User,megslay27,Retweeted by,User,DracoMoor,1
User,megslay27,Retweeted by,User,EthicalMachine,1
User,megslay27,Retweeted by,User,EzDonk,1
User,megslay27,Retweeted by,User,FMAlchemist,1
User,megslay27,Retweeted by,User,FinaHylen,1
User,megslay27,Retweeted by,User,FleeingCarcosa,1
User,megslay27,Retweeted by,User,IDIOTdella,1
User,megslay27,Retweeted by,User,InfiniteLegend,1
User,megslay27,Retweeted by,User,JMotley9,1
User,megslay27,Retweeted by,User,JOnemoretry,1
User,megslay27,Retweeted by,User,KevioShowmann,1
User,megslay27,Retweeted by,User,KristinG70,1
User,megslay27,Retweeted by,User,LexaLane,1
User,megslay27,Retweeted by,User,M00se1992,2
User,megslay27,Retweeted by,User,MIAcalaEng,1
User,megslay27,Retweeted by,User,MaudlinMaenad,1
User,megslay27,Retweeted by,User,MichaelinMI,1
User,megslay27,Retweeted by,User,MiddleClazzMom,1
User,megslay27,Retweeted by,User,NlitendOperativ,1
User,megslay27,Retweeted by,User,Nunyazbiz,1
User,megslay27,Retweeted by,User,OloriAdeEze,1
User,megslay27,Retweeted by,User,PoliticalAnt,1
User,megslay27,Retweeted by,User,PostScarcityPal,1
User,megslay27,Retweeted by,User,PrincePuggo,1
User,megslay27,Retweeted by,User,RJ_Huneke,1
User,megslay27,Retweeted by,User,RueBarb_,1
User,megslay27,Retweeted by,User,SUN_Of_Uhhh,1
User,megslay27,Retweeted by,User,SarahKutzler,1
User,megslay27,Retweeted by,User,SebastosPublius,3
User,megslay27,Retweeted by,User,StatelessMan18,1
User,megslay27,Retweeted by,User,SugaryMiyamoto,1
User,megslay27,Retweeted by,User,TColluder,1
User,megslay27,Retweeted by,User,TFADCnow,1
User,megslay27,Retweeted by,User,TWEEDREE,1
User,megslay27,Retweeted by,User,Tachyon_Master,1
User,megslay27,Retweeted by,User,Thanks4Watching,1
User,megslay27,Retweeted by,User,TheStuffOfMemes,1
User,megslay27,Retweeted by,User,UnironicA,1
User,megslay27,Retweeted by,User,Wally_Wests,1
User,megslay27,Retweeted by,User,Yarrowyarrowya1,1
User,megslay27,Retweeted by,User,YourBossCharlie,1
User,megslay27,Retweeted by,User,absolut_calm,1
User,megslay27,Retweeted by,User,actualbeefheart,1
User,megslay27,Retweeted by,User,agentbar,1
User,megslay27,Retweeted by,User,bernorjill,1
User,megslay27,Retweeted by,User,breezymua,1
User,megslay27,Retweeted by,User,bucketofloosers,1
User,megslay27,Retweeted by,User,busybeachmama4,1
User,megslay27,Retweeted by,User,cmagicj14,1
User,megslay27,Retweeted by,User,culteyes,1
User,megslay27,Retweeted by,User,downwithllc,1
User,megslay27,Retweeted by,User,dr_barrett,1
User,megslay27,Retweeted by,User,ebbookz,1
User,megslay27,Retweeted by,User,eklaborg,1
User,megslay27,Retweeted by,User,for_whatsright,1
User,megslay27,Retweeted by,User,gregtobacco,1
User,megslay27,Retweeted by,User,jennrichter,1
User,megslay27,Retweeted by,User,jivounshe,1
User,megslay27,Retweeted by,User,jonaso_to,1
User,megslay27,Retweeted by,User,legionemu396,1
User,megslay27,Retweeted by,User,livingforcera,1
User,megslay27,Retweeted by,User,lordenki40,1
User,megslay27,Retweeted by,User,mfosb,1
User,megslay27,Retweeted by,User,mjloudmouth1,1
User,megslay27,Retweeted by,User,natanael_zc,1
User,megslay27,Retweeted by,User,owlwoman911_,1
User,megslay27,Retweeted by,User,ragingfoodlady,1
User,megslay27,Retweeted by,User,rasmuskongshoej,1
User,megslay27,Retweeted by,User,rebeccaanne3,1
User,megslay27,Retweeted by,User,rebeccafiercexo,1
User,megslay27,Retweeted by,User,rynecsnyder,1
User,megslay27,Retweeted by,User,shoguns_shotgun,1
User,megslay27,Retweeted by,User,sunshinesymptom,1
User,megslay27,Retweeted by,User,therealbadboy22,1
User,megslay27,Retweeted by,User,tzbauknight,1
User,megslay27,Retweeted by,User,up_viking,1
User,megslay27,Retweeted by,User,vox_politica,1
User,megslay27,Retweeted by,User,zazahan1,1
User,megslay27,Retweeted by,User,zeframmann,1
User,metscomedy,Retweeted by,User,Valzn,1
User,metscomedy,Retweeted by,User,bucketofloosers,1
User,mettahapa,Retweeted by,User,jdb_jody,1
User,mfosb,Retweeted by,User,CarthyismsRad,1
User,mfosb,Retweeted by,User,PottPoll,1
User,mfosb,Retweeted by,User,bernorjill,1
User,mfosb,Retweeted by,User,brooklynnygirl,1
User,misanthropicpo1,Retweeted by,User,QyyDyy,1
User,misanthropicpo1,Retweeted by,User,R3d_Horse,1
User,misanthropicpo1,Retweeted by,User,RueBarb_,1
User,music4anewme,Retweeted by,User,faeryfeller,1
User,mythicalmythya,Retweeted by,User,CarthyismsRad,1
User,mythicalmythya,Retweeted by,User,PDXorax,1
User,nebuUchadnezzar,Retweeted by,User,BernBabylonBern,1
User,nicholastristan,Retweeted by,User,CarthyismsRad,1
User,nicholastristan,Retweeted by,User,R3d_Horse,1
User,nickwiger,Retweeted by,User,AedricOisin,1
User,nickwiger,Retweeted by,User,AnnabelleHawk2,1
User,nickwiger,Retweeted by,User,BuckAdam69,1
User,nickwiger,Retweeted by,User,DanielxXxGarcia,1
User,nickwiger,Retweeted by,User,DebsDiaries,1
User,nickwiger,Retweeted by,User,EDDIEALAN8,1
User,nickwiger,Retweeted by,User,KevioShowmann,1
User,nickwiger,Retweeted by,User,KirissiDuplex,1
User,nickwiger,Retweeted by,User,Knowmium,1
User,nickwiger,Retweeted by,User,MaudlinMaenad,1
User,nickwiger,Retweeted by,User,PDXorax,1
User,nickwiger,Retweeted by,User,PostScarcityPal,1
User,nickwiger,Retweeted by,User,RHinSarata,1
User,nickwiger,Retweeted by,User,RMpodol,1
User,nickwiger,Retweeted by,User,Sarushi_BR,1
User,nickwiger,Retweeted by,User,YaBaDaBaDuel,1
User,nickwiger,Retweeted by,User,actualbeefheart,1
User,nickwiger,Retweeted by,User,alynnablynna,1
User,nickwiger,Retweeted by,User,bootyspankinn,1
User,nickwiger,Retweeted by,User,butitwontgetme,1
User,nickwiger,Retweeted by,User,carlafUUentes,1
User,nickwiger,Retweeted by,User,debaptiste_john,1
User,nickwiger,Retweeted by,User,dime85sg,1
User,nickwiger,Retweeted by,User,gamerhausewife,1
User,nickwiger,Retweeted by,User,gregtobacco,1
User,nickwiger,Retweeted by,User,icedteacommie,1
User,nickwiger,Retweeted by,User,larsloving,1
User,nickwiger,Retweeted by,User,pigeontoedpanda,1
User,nickwiger,Retweeted by,User,retronomicon666,1
User,nickwiger,Retweeted by,User,rulesdisobeyer,1
User,nickwiger,Retweeted by,User,shabbaris,1
User,nickwiger,Retweeted by,User,thelifeofbf,1
User,nika_unlmtd,Retweeted by,User,PDXorax,1
User,ohaiderepally,Retweeted by,User,LVanessa213,1
User,ohcomeooon,Retweeted by,User,crazysmooth,1
User,omnioooks,Retweeted by,User,TrumpVoterSlayr,1
User,orchidconjurer,Retweeted by,User,Trollonasan,1
User,orchidconjurer,Retweeted by,User,V_Chive,1
User,orchidconjurer,Retweeted by,User,vierarights,1
User,personalmeezus,Retweeted by,User,BillHog15360397,1
User,personalmeezus,Retweeted by,User,RavBean,1
User,personalmeezus,Retweeted by,User,RoseBlack2222,1
User,personalmeezus,Retweeted by,User,brooks_cubed,1
User,personalmeezus,Retweeted by,User,iljulhyan,1
User,phannyfishcakes,Retweeted by,User,Michael_Thal,1
User,phannyfishcakes,Retweeted by,User,bobby990r_1,1
User,phllip13,Retweeted by,User,TransWaif,1
User,pmcall,Retweeted by,User,BrudalBruthers,1
User,pnjwebservices,Retweeted by,User,ROCKY95767019,1
User,polirealm,Retweeted by,User,HThurs,1
User,prinxfern,Retweeted by,User,ishtarmuz,1
User,pupsterx25,Retweeted by,User,jonrocks69,1
User,pupsterx25,Retweeted by,User,kenwinkler,1
User,rafaelshimunov,Retweeted by,User,AbrahamHalabi,1
User,rafaelshimunov,Retweeted by,User,IronSocialist,1
User,rafaelshimunov,Retweeted by,User,Knowmium,1
User,rafaelshimunov,Retweeted by,User,Orangeducks,1
User,rafaelshimunov,Retweeted by,User,theGuruWithin,1
User,ragingfoodlady,Retweeted by,User,SWarrior204,1
User,realPolitiDiva,Retweeted by,User,CurmudgeonlyOpa,1
User,realPolitiDiva,Retweeted by,User,Iworknightshift,1
User,realPolitiDiva,Retweeted by,User,MichaelPRyan3,1
User,realPolitiDiva,Retweeted by,User,TheDawnShow1,1
User,realPolitiDiva,Retweeted by,User,bixoooo,1
User,realPolitiDiva,Retweeted by,User,dvanduzer001,1
User,realPolitiDiva,Retweeted by,User,mainer_kate,1
User,realPolitiDiva,Retweeted by,User,micheIUP,1
User,realPolitiDiva,Retweeted by,User,plummerm,1
User,realPolitiDiva,Retweeted by,User,ryanmoore001,1
User,reallKevinTrump,Retweeted by,User,1_ascending,1
User,reallKevinTrump,Retweeted by,User,23riddlestweets,1
User,reallKevinTrump,Retweeted by,User,AnniesEdBrown,1
User,reallKevinTrump,Retweeted by,User,BabaYaga151,1
User,reallKevinTrump,Retweeted by,User,C_Wonderful1986,1
User,reallKevinTrump,Retweeted by,User,CallingAstro424,1
User,reallKevinTrump,Retweeted by,User,CarenKatzenber1,1
User,reallKevinTrump,Retweeted by,User,DonaldBartolet2,1
User,reallKevinTrump,Retweeted by,User,DougBodine1,1
User,reallKevinTrump,Retweeted by,User,ErengwaM,1
User,reallKevinTrump,Retweeted by,User,GinaEaton18,1
User,reallKevinTrump,Retweeted by,User,HomerWhite,1
User,reallKevinTrump,Retweeted by,User,Iworknightshift,1
User,reallKevinTrump,Retweeted by,User,Jo99236254,1
User,reallKevinTrump,Retweeted by,User,KrisSGator,1
User,reallKevinTrump,Retweeted by,User,LuvMyAmerica,1
User,reallKevinTrump,Retweeted by,User,MAGA_CWOja_R_Q,1
User,reallKevinTrump,Retweeted by,User,NautilusBlue,1
User,reallKevinTrump,Retweeted by,User,NewsLinksNet,1
User,reallKevinTrump,Retweeted by,User,QlobalC,1
User,reallKevinTrump,Retweeted by,User,SandyVanOosten,1
User,reallKevinTrump,Retweeted by,User,SherriParham1,1
User,reallKevinTrump,Retweeted by,User,SusieQ86559035,1
User,reallKevinTrump,Retweeted by,User,TrueTamiB,1
User,reallKevinTrump,Retweeted by,User,WallNuttz23,2
User,reallKevinTrump,Retweeted by,User,acutewinky12,1
User,reallKevinTrump,Retweeted by,User,banditlink,1
User,reallKevinTrump,Retweeted by,User,bcofbrave_mom,1
User,reallKevinTrump,Retweeted by,User,bill_cody1958,1
User,reallKevinTrump,Retweeted by,User,debz_up,1
User,reallKevinTrump,Retweeted by,User,galloy_tammie,1
User,reallKevinTrump,Retweeted by,User,j_neumeyer,1
User,reallKevinTrump,Retweeted by,User,jjustice404,1
User,reallKevinTrump,Retweeted by,User,meano15,1
User,reallKevinTrump,Retweeted by,User,patwest47,1
User,reallKevinTrump,Retweeted by,User,rentonMagaUK,1
User,reallKevinTrump,Retweeted by,User,sandrakrouse4,1
User,reallKevinTrump,Retweeted by,User,says_graeme,1
User,reallKevinTrump,Retweeted by,User,v_deplorable,1
User,reallKevinTrump,Retweeted by,User,weeki1,1
User,realmuffinparty,Retweeted by,User,mjloudmouth1,1
User,robrousseau,Retweeted by,User,AlixMccoll,1
User,robrousseau,Retweeted by,User,AnnabelleHawk2,1
User,robrousseau,Retweeted by,User,BlGCOCKENERGY,1
User,robrousseau,Retweeted by,User,CounterBull,1
User,robrousseau,Retweeted by,User,CubeDomination,1
User,robrousseau,Retweeted by,User,FaithlessAmI,1
User,robrousseau,Retweeted by,User,GayJessegirl,1
User,robrousseau,Retweeted by,User,HarryjYates,1
User,robrousseau,Retweeted by,User,Hennymint,1
User,robrousseau,Retweeted by,User,IgorZeTodorovic,1
User,robrousseau,Retweeted by,User,IronSocialist,1
User,robrousseau,Retweeted by,User,JMotley9,1
User,robrousseau,Retweeted by,User,KateBlake5,1
User,robrousseau,Retweeted by,User,Knowmium,1
User,robrousseau,Retweeted by,User,PDXorax,1
User,robrousseau,Retweeted by,User,PoeDameronsHoe,1
User,robrousseau,Retweeted by,User,SomeBadADR,1
User,robrousseau,Retweeted by,User,UnmitigatedHell,1
User,robrousseau,Retweeted by,User,be_elzabozo,1
User,robrousseau,Retweeted by,User,bootyspankinn,1
User,robrousseau,Retweeted by,User,ccmdrey,1
User,robrousseau,Retweeted by,User,cmagicj14,1
User,robrousseau,Retweeted by,User,debaptiste_john,1
User,robrousseau,Retweeted by,User,guriffinn,1
User,robrousseau,Retweeted by,User,klefling,1
User,robrousseau,Retweeted by,User,mssythrwy,1
User,robrousseau,Retweeted by,User,rynecsnyder,1
User,robrousseau,Retweeted by,User,siooooobhan,1
User,robrousseau,Retweeted by,User,unelmaonnesta,1
User,robrousseau,Retweeted by,User,wallyb622,1
User,sad_blueberries,Retweeted by,User,BluRidge4Bernie,1
User,sad_blueberries,Retweeted by,User,IsotopeC14,1
User,sad_blueberries,Retweeted by,User,LVanessa213,1
User,samantha_chang,Retweeted by,User,Irish016206,1
User,samantha_chang,Retweeted by,User,StCasimir1,1
User,samantha_chang,Retweeted by,User,TheObservr,1
User,sammad381,Retweeted by,User,robinlynngood,1
User,samswey,Retweeted by,User,YaBaDaBaDuel,1
User,samuel_O_G,Retweeted by,User,BlackPatriotQ17,1
User,samuel_O_G,Retweeted by,User,LehmannBro,1
User,samuel_O_G,Retweeted by,User,jennasky38377,1
User,scaryfoxx,Retweeted by,User,ArielleCurtin,1
User,scaryfoxx,Retweeted by,User,JMotley9,1
User,scaryfoxx,Retweeted by,User,kevinjbrauer,1
User,scaryfoxx,Retweeted by,User,marc_shariat,1
User,scottgairdner,Retweeted by,User,CGlerking,1
User,scottgairdner,Retweeted by,User,DanielxXxGarcia,1
User,scottgairdner,Retweeted by,User,InfiniteLegend,1
User,scottgairdner,Retweeted by,User,notsofiacoppola,1
User,scottgairdner,Retweeted by,User,the_urbanl3g3nd,1
User,seankent,Retweeted by,User,BrickONeil,1
User,seankent,Retweeted by,User,MorOhmic,1
User,seankent,Retweeted by,User,TheMominatrixx,1
User,seankent,Retweeted by,User,TheresaPop69,1
User,seankent,Retweeted by,User,TonyaTee3,1
User,seankent,Retweeted by,User,deiustitiaadrem,1
User,seankent,Retweeted by,User,phawker,1
User,shawn1mac,Retweeted by,User,BillHog15360397,1
User,shawn1mac,Retweeted by,User,facedog55,1
User,simongloom,Retweeted by,User,jdb_jody,1
User,soadkenjos,Retweeted by,User,jamestrumpster1,1
User,soft__animal,Retweeted by,User,BenjaminMaro,1
User,soft__animal,Retweeted by,User,Nunyazbiz,1
User,soft__animal,Retweeted by,User,tonafaulds,1
User,stephanietega,Retweeted by,User,SamStar11982145,1
User,stephanietega,Retweeted by,User,revolt777,1
User,stoplabellingme,Retweeted by,User,pigeontoedpanda,1
User,sunshinestvoter,Retweeted by,User,stampysez_relax,1
User,techiesforyang,Retweeted by,User,DonaldC6,1
User,techiesforyang,Retweeted by,User,PDXorax,1
User,theblanketparty,Retweeted by,User,ArielleCurtin,1
User,theblanketparty,Retweeted by,User,INurse22,1
User,theblanketparty,Retweeted by,User,QyyDyy,1
User,theblanketparty,Retweeted by,User,aniqa_anwar,1
User,theblanketparty,Retweeted by,User,mymindgetslost,1
User,theblanketparty,Retweeted by,User,ravelesm,1
User,theblanketparty,Retweeted by,User,vox_politica,1
User,themossymark,Retweeted by,User,bernorjill,1
User,therealmerkins,Retweeted by,User,Long_Archer,1
User,therealmerkins,Retweeted by,User,frogetteca,1
User,thndrstrike,Retweeted by,User,ArthurRudolph6,1
User,thndrstrike,Retweeted by,User,R3d_Horse,1
User,troyrudd,Retweeted by,User,AlannRyan,1
User,troyrudd,Retweeted by,User,AnnabelleHawk2,1
User,troyrudd,Retweeted by,User,FredHam92844604,1
User,troyrudd,Retweeted by,User,GodandtheBear,1
User,troyrudd,Retweeted by,User,IanGabrielDraws,1
User,troyrudd,Retweeted by,User,JMotley9,1
User,troyrudd,Retweeted by,User,KateBlake5,1
User,troyrudd,Retweeted by,User,Kickass_Hatter,1
User,troyrudd,Retweeted by,User,LiorYakira42,1
User,troyrudd,Retweeted by,User,MaudlinMaenad,1
User,troyrudd,Retweeted by,User,MikcikJane,1
User,troyrudd,Retweeted by,User,PDXorax,1
User,troyrudd,Retweeted by,User,PoliticalAnt,1
User,troyrudd,Retweeted by,User,R3d_Horse,1
User,troyrudd,Retweeted by,User,Skankyhunt,1
User,troyrudd,Retweeted by,User,TIGGERR00,1
User,troyrudd,Retweeted by,User,Teacher92379034,1
User,troyrudd,Retweeted by,User,VinegarCarrots,1
User,troyrudd,Retweeted by,User,amy_men,1
User,troyrudd,Retweeted by,User,bernorjill,1
User,troyrudd,Retweeted by,User,cruise_peter,1
User,troyrudd,Retweeted by,User,debaptiste_john,1
User,troyrudd,Retweeted by,User,emmanmcbell92,1
User,troyrudd,Retweeted by,User,kevinjbrauer,1
User,troyrudd,Retweeted by,User,mcentangled,1
User,troyrudd,Retweeted by,User,mjloudmouth1,1
User,troyrudd,Retweeted by,User,rebeccafiercexo,1
User,troyrudd,Retweeted by,User,sayarita,1
User,trumpwarrior45,Retweeted by,User,ACEBIGGLIL,1
User,trumpwarrior45,Retweeted by,User,BellaLunaBotana,1
User,trumpwarrior45,Retweeted by,User,BigKnickFan,1
User,trumpwarrior45,Retweeted by,User,BlackSheepRVL,1
User,trumpwarrior45,Retweeted by,User,BotNowUnited,1
User,trumpwarrior45,Retweeted by,User,DarkDrai,2
User,trumpwarrior45,Retweeted by,User,DianeFarringt11,1
User,trumpwarrior45,Retweeted by,User,Erika_Cinder,1
User,trumpwarrior45,Retweeted by,User,Forwardprogres6,1
User,trumpwarrior45,Retweeted by,User,HellionHellfire,1
User,trumpwarrior45,Retweeted by,User,JadePamH,1
User,trumpwarrior45,Retweeted by,User,Jen2Jenny,1
User,trumpwarrior45,Retweeted by,User,JoshuaTemple80,1
User,trumpwarrior45,Retweeted by,User,LarrauryJocelyn,8
User,trumpwarrior45,Retweeted by,User,MJermson,1
User,trumpwarrior45,Retweeted by,User,Mikey_Baileyy,1
User,trumpwarrior45,Retweeted by,User,MissMorgaine,1
User,trumpwarrior45,Retweeted by,User,MuffinAndElliot,1
User,trumpwarrior45,Retweeted by,User,Nerif20,1
User,trumpwarrior45,Retweeted by,User,PDXorax,7
User,trumpwarrior45,Retweeted by,User,RatuWildfire,1
User,trumpwarrior45,Retweeted by,User,SeriouslySerio,1
User,trumpwarrior45,Retweeted by,User,Thanks4Watching,1
User,trumpwarrior45,Retweeted by,User,UYang2020,2
User,trumpwarrior45,Retweeted by,User,YangKoete,1
User,trumpwarrior45,Retweeted by,User,bernorjill,1
User,trumpwarrior45,Retweeted by,User,cadibug419,1
User,trumpwarrior45,Retweeted by,User,cfernandez57,1
User,trumpwarrior45,Retweeted by,User,djk29a,1
User,trumpwarrior45,Retweeted by,User,fl_yip,1
User,trumpwarrior45,Retweeted by,User,jeantado,1
User,trumpwarrior45,Retweeted by,User,jennasky38377,3
User,trumpwarrior45,Retweeted by,User,knoti_shop,1
User,trumpwarrior45,Retweeted by,User,major__Ray,1
User,trumpwarrior45,Retweeted by,User,nievesjj,3
User,trumpwarrior45,Retweeted by,User,patrickhhhhhh,2
User,trumpwarrior45,Retweeted by,User,pupsterx25,1
User,trumpwarrior45,Retweeted by,User,shuminghuang171,1
User,trumpwarrior45,Retweeted by,User,tonafaulds,1
User,trumpwarrior45,Retweeted by,User,victorianerafan,1
User,trumpwarrior45,Retweeted by,User,whodatno1,1
User,unspokenbond,Retweeted by,User,RMpodol,1
User,urlocalsweaty,Retweeted by,User,CarthyismsRad,1
User,urlocalsweaty,Retweeted by,User,Skankyhunt,1
User,valentindrown,Retweeted by,User,DeLouche111,1
User,valentindrown,Retweeted by,User,mobrock,1
User,valentindrown,Retweeted by,User,truthteller1961,1
User,vonhonkington,Retweeted by,User,EDsin954,1
User,weitfl,Retweeted by,User,HThurs,1
User,williamwardlaw,Retweeted by,User,CarthyismsRad,1
User,xVictoriaCagex,Retweeted by,User,HThurs,1
User,xenophrenia,Retweeted by,User,LondoMollari13,1
User,yanggangtube,Retweeted by,User,RealCyrilO,1
User,yanggangtube,Retweeted by,User,truthcounts4,1
User,yanggangtube,Retweeted by,User,wepray4potus,1
User,yoby0127,Retweeted by,User,jonrocks69,1
